p_1_agree_item_1,p_1_agree_item_2,p_1_agree_item_3,p_1_agree_item_4,p_1_agree_item_5,p_1_agree_item_6,p_1_consc_item_1,p_1_consc_item_2,p_1_consc_item_3,p_1_consc_item_4,p_1_consc_item_5,p_1_consc_item_6,p_1_extr_item_1,p_1_extr_item_2,p_1_extr_item_3,p_1_extr_item_4,p_1_extr_item_5,p_1_extr_item_6,p_1_neuro_item_1,p_1_neuro_item_2,p_1_neuro_item_3,p_1_neuro_item_4,p_1_neuro_item_5,p_1_neuro_item_6,p_1_openness_item_1,p_1_openness_item_2,p_1_openness_item_3,p_1_openness_item_4,p_1_openness_item_5,p_1_openness_item_6,p_2_agree_item_1,p_2_agree_item_2,p_2_agree_item_3,p_2_agree_item_4,p_2_agree_item_5,p_2_agree_item_6,p_2_consc_item_1,p_2_consc_item_2,p_2_consc_item_3,p_2_consc_item_4,p_2_consc_item_5,p_2_consc_item_6,p_2_extr_item_1,p_2_extr_item_2,p_2_extr_item_3,p_2_extr_item_4,p_2_extr_item_5,p_2_extr_item_6,p_2_neuro_item_1,p_2_neuro_item_2,p_2_neuro_item_3,p_2_neuro_item_4,p_2_neuro_item_5,p_2_neuro_item_6,p_2_openness_item_1,p_2_openness_item_2,p_2_openness_item_3,p_2_openness_item_4,p_2_openness_item_5,p_2_openness_item_6,p_3_agree_item_1,p_3_agree_item_2,p_3_agree_item_3,p_3_agree_item_4,p_3_agree_item_5,p_3_agree_item_6,p_3_consc_item_1,p_3_consc_item_2,p_3_consc_item_3,p_3_consc_item_4,p_3_consc_item_5,p_3_consc_item_6,p_3_extr_item_1,p_3_extr_item_2,p_3_extr_item_3,p_3_extr_item_4,p_3_extr_item_5,p_3_extr_item_6,p_3_neuro_item_1,p_3_neuro_item_2,p_3_neuro_item_3,p_3_neuro_item_4,p_3_neuro_item_5,p_3_neuro_item_6,p_3_openness_item_1,p_3_openness_item_2,p_3_openness_item_3,p_3_openness_item_4,p_3_openness_item_5,p_3_openness_item_6,source_file,PROLIFIC_PID,extraversion_score,agreeableness_score,conscientiousness_score,neuroticism_score,openness_score
4,4,3,4,4,4,4,5,4,5,4,4,4,4,3,4,3,3,4,4,3,4,4,4,4,4,3,4,4,4,4,4,4,5,4,4,4,4,3,4,4,4,3,3,3,4,3,4,4,4,4,4,4,4,4,4,3,4,4,4,4,4,4,4,4,4,4,4,3,4,4,4,4,4,3,4,4,4,4,4,4,4,4,4,4,4,3,4,4,4,results_20.csv,5c452213a6c3df0001d2014f,1.25,3.25,3.75,3.5,4.0
4,4,4,4,4,4,4,4,3,4,4,4,3,4,3,4,4,4,4,4,3,4,4,4,3,4,3,4,4,3,4,4,4,4,5,4,4,4,4,4,4,4,3,4,3,4,4,4,4,4,4,4,4,4,3,4,3,3,3,3,4,4,4,4,4,4,4,4,3,4,3,4,3,3,3,4,3,3,4,4,4,4,3,4,4,4,4,4,4,4,results_20.csv,5d584a10a0c0940001a46efd,3.0,5.0,2.75,2.5,4.5
3,3,3,3,3,3,4,4,3,4,4,4,3,3,3,3,3,3,4,4,3,4,4,4,4,4,3,4,4,4,3,4,3,4,3,3,4,4,3,4,4,4,3,3,3,3,3,3,4,4,3,4,4,4,3,3,3,3,3,3,4,4,4,4,4,4,4,4,3,4,4,4,4,4,3,4,3,3,4,4,4,4,4,4,4,4,4,4,4,4,results_20.csv,5f4f93bcb46af5055714d433,3.25,4.25,4.0,2.5,4.0
4,4,4,4,4,4,4,4,3,4,4,4,4,4,3,4,4,4,4,4,3,4,4,4,3,4,3,4,3,3,4,4,4,5,4,5,4,4,4,4,4,4,3,4,3,4,3,3,4,4,3,4,4,4,3,4,3,4,3,3,4,4,4,4,4,4,4,4,4,4,4,4,3,3,3,3,3,3,4,4,4,4,4,4,4,4,4,4,4,4,results_20.csv,60196ee67d099006f74c5bb3,1.75,3.25,2.5,2.75,4.5
3,4,3,3,3,3,4,4,4,4,4,4,3,3,3,3,3,3,4,4,3,4,4,4,3,3,2,3,3,3,4,4,3,4,4,3,4,4,4,4,4,4,3,3,3,3,3,3,4,4,4,4,4,4,2,3,3,3,3,3,4,4,4,4,4,4,4,4,4,4,4,4,3,4,3,4,3,3,4,4,3,4,4,4,4,4,3,4,4,4,results_20.csv,607de1d7c7cc25b639f63026,1.25,3.0,4.5,2.0,1.75
4,4,4,4,4,4,4,4,3,4,4,4,4,4,3,4,4,4,4,4,3,4,4,4,4,4,3,4,4,4,4,4,4,4,4,4,4,4,3,4,4,4,3,4,3,4,4,4,4,4,3,4,4,4,4,4,3,4,4,4,4,4,4,4,4,4,4,4,4,4,3,4,3,3,3,3,3,3,4,4,4,4,4,4,4,4,3,4,4,4,results_20.csv,60e769ec9858960e8ad00886,1.0,2.25,3.25,1.75,3.0
4,4,4,4,4,4,4,4,3,4,4,4,3,3,3,4,3,3,4,4,4,4,4,4,4,4,3,4,4,4,4,4,4,4,4,5,4,4,3,4,3,4,4,4,3,4,4,3,4,4,3,4,4,4,3,4,3,3,3,3,4,4,4,4,4,4,4,4,3,4,4,4,3,3,3,3,3,3,4,4,4,4,3,4,4,4,3,4,4,4,results_20.csv,611171b294ac05e4a3ff358b,2.25,4.25,3.25,3.25,5.0
4,3,3,3,3,3,4,4,3,4,4,4,3,3,3,3,3,3,4,4,3,4,4,4,3,4,2,3,3,3,3,4,3,4,4,3,4,4,4,4,4,4,3,3,3,3,3,3,4,4,4,4,4,4,2,3,2,3,3,3,4,4,4,4,4,4,4,4,4,4,4,4,4,4,3,4,3,3,4,4,4,4,4,4,4,4,4,4,4,4,results_20.csv,63784631952ef82ab4ee4db2,2.75,3.75,3.5,3.5,3.5
3,4,3,3,3,3,4,4,3,4,4,4,3,3,3,3,3,3,4,4,3,4,4,4,3,4,2,3,3,3,3,4,3,4,4,3,4,4,4,4,4,4,3,3,3,3,3,3,4,4,4,4,4,4,2,3,2,3,3,3,4,4,4,4,4,4,4,4,4,4,4,4,4,4,3,4,4,4,4,4,4,4,4,4,4,4,4,4,4,4,results_20.csv,643bf6338ab6927af28b0b88,2.75,3.75,4.25,2.5,3.75
4,4,4,4,4,4,4,5,3,4,4,4,4,4,3,4,4,4,4,4,3,4,4,4,3,4,3,4,4,4,4,4,4,4,4,4,4,4,3,4,4,4,3,4,3,4,4,4,4,4,3,4,4,4,3,4,2,4,4,4,4,4,4,4,4,4,4,4,4,4,3,3,3,3,3,3,3,3,4,4,4,4,3,4,4,4,3,4,4,4,results_20.csv,6504c6655c2ae520567f52ff,3.25,3.0,3.5,2.25,5.0
3,4,3,4,3,4,4,4,3,4,4,4,3,3,3,3,3,3,4,4,3,4,4,4,3,4,2,3,3,3,3,4,3,4,3,3,4,4,4,4,4,4,3,3,3,3,3,3,4,4,4,4,4,4,3,3,3,3,3,3,4,4,4,4,4,4,4,4,4,4,4,4,4,3,3,4,3,3,4,4,3,4,4,4,4,4,4,4,4,4,results_20.csv,656b46a0554ca892e2d3f1e9,3.5,4.0,4.5,2.25,4.0
3,3,3,3,3,3,4,4,3,4,4,4,3,3,3,3,3,3,4,4,3,4,4,4,3,3,3,3,3,3,4,4,3,4,3,3,4,4,4,4,4,4,3,3,3,3,3,3,4,4,3,4,4,4,3,3,3,3,3,3,4,4,4,4,4,4,4,4,4,4,4,4,4,4,3,4,3,4,4,4,4,4,4,4,4,4,4,4,4,4,results_20.csv,65de07bafcbb376ee0421f4e,3.5,4.25,3.0,2.5,4.25
4,3,3,3,3,3,4,4,4,4,4,4,3,3,2,3,3,3,4,4,4,4,4,4,3,3,2,3,3,3,3,4,3,4,3,3,4,4,3,4,4,4,3,3,3,3,3,3,4,4,4,4,4,4,3,3,3,3,3,3,4,4,4,4,4,4,4,4,4,4,4,4,4,4,4,4,3,3,4,4,4,4,4,4,4,4,3,4,4,4,results_20.csv,65e85ad0d2ec2a33602e60ea,3.5,4.0,4.0,2.0,4.0
4,4,3,4,4,4,4,4,3,4,4,4,4,4,3,4,4,4,4,4,3,4,4,4,4,4,3,4,4,4,4,4,4,5,4,4,4,4,4,4,4,4,3,4,3,3,4,4,4,4,3,4,4,4,4,4,4,4,4,4,4,4,4,4,4,4,4,4,4,4,4,4,3,3,3,4,3,3,4,4,3,4,4,4,4,4,3,4,4,4,results_20.csv,6646e456d8f747b7fb0a76b3,4.0,4.0,4.0,3.5,4.75
3,4,2,4,3,3,4,4,3,4,3,3,2,3,2,3,3,2,4,4,3,4,3,4,3,3,2,3,3,3,4,4,3,4,4,4,4,4,3,4,3,3,3,3,3,3,3,3,4,4,3,4,4,3,2,2,2,3,3,3,4,4,4,4,4,4,4,4,3,4,4,4,3,3,3,3,3,3,4,4,3,4,4,4,3,3,3,4,3,3,results_20.csv,664e46d7a85eca66b546f596,2.5,4.75,3.75,3.0,3.5
4,4,4,4,4,4,5,4,4,4,4,4,4,4,3,4,4,4,4,4,3,4,4,4,4,4,3,4,4,4,4,4,4,4,4,4,4,4,3,4,4,4,3,3,3,4,4,4,4,4,3,4,3,4,4,4,3,4,4,4,4,4,4,4,4,4,4,4,4,4,4,4,4,3,3,3,3,3,4,4,4,4,4,4,4,4,3,4,4,4,results_20.csv,665acb8be8d04df6693caf4a,3.5,3.25,2.75,2.75,2.25
3,3,3,3,3,3,4,4,3,4,4,4,3,3,2,3,3,3,4,4,4,4,4,4,3,3,2,3,3,3,4,3,3,4,4,4,4,4,4,4,4,4,3,3,3,3,3,3,4,4,3,4,4,4,2,3,2,3,3,3,4,4,4,4,4,4,4,4,3,4,4,4,3,4,3,4,4,4,4,4,3,4,4,4,4,4,3,4,4,4,results_20.csv,668c3efacb7c89ec72504e88,3.25,3.25,4.0,2.0,3.25
4,4,3,4,4,4,4,4,4,4,4,4,4,4,3,4,3,4,4,4,3,4,4,4,3,4,3,4,4,4,4,4,4,4,5,4,4,4,3,4,4,4,3,4,3,3,4,3,4,4,3,4,4,4,3,4,3,4,5,4,4,4,4,4,4,4,4,4,3,4,4,4,3,3,3,3,3,3,4,4,3,4,3,4,4,4,3,4,4,4,results_20.csv,66a8e4f1997807db5221e94f,4.25,4.0,2.5,3.75,3.75
4,4,4,4,4,4,4,4,3,4,4,4,4,4,3,4,4,4,4,4,3,4,4,4,5,4,3,4,4,4,4,4,4,4,4,4,4,4,3,4,4,4,4,4,3,4,4,3,4,4,3,4,4,4,3,4,3,4,4,4,4,4,4,4,4,4,4,4,3,4,4,4,3,3,3,3,3,3,4,4,4,4,4,4,4,4,3,4,4,4,results_20.csv,66af72617c33867b3ed6ebdf,2.75,3.0,4.25,2.5,3.5
4,4,4,4,4,4,5,4,4,4,4,4,3,4,2,3,3,3,4,4,4,4,4,4,4,4,3,4,4,4,4,4,3,4,4,4,4,4,4,4,4,4,3,3,3,3,3,4,4,4,4,4,4,4,2,4,2,3,3,3,4,4,4,4,4,4,4,4,4,4,4,4,3,3,3,3,3,3,4,4,4,4,4,4,4,4,4,4,4,4,results_18.csv,5490c822fdf99b71ba910e1a,1.0,3.5,1.75,3.25,3.0
4,4,4,4,4,4,4,4,4,4,4,4,3,4,2,3,3,3,4,4,3,4,4,4,4,4,3,4,4,4,4,5,4,5,4,5,4,4,4,4,4,4,3,3,3,4,4,3,4,4,3,4,4,4,3,3,3,3,4,4,5,4,4,4,4,4,4,4,4,4,4,4,4,3,3,3,4,4,4,4,3,4,4,4,4,4,4,4,4,4,results_18.csv,58ab2db50da7f10001de8e34,2.0,4.25,1.75,4.75,4.75
4,4,3,4,4,4,5,4,4,4,4,4,2,4,3,4,3,3,4,5,4,4,4,4,4,4,3,4,4,4,4,4,4,4,4,4,4,4,4,4,4,4,3,4,3,3,3,3,4,4,4,4,4,4,3,3,2,4,3,3,4,4,4,4,4,4,4,4,4,4,4,4,3,3,3,4,4,3,4,4,4,4,4,4,4,4,3,4,4,4,results_18.csv,5e6a9510e644f7045cb0b536,4.0,4.0,3.75,2.5,3.5
4,4,4,4,4,4,4,4,3,3,4,4,3,4,2,4,3,4,4,4,3,4,4,4,4,4,3,4,4,4,4,4,4,4,4,4,4,4,4,4,4,4,4,3,4,3,3,3,4,4,4,4,4,4,3,3,3,3,4,4,4,5,4,5,4,4,4,4,4,4,4,4,3,3,3,3,3,3,4,4,4,4,4,4,4,4,3,4,4,4,results_18.csv,5edb487096035b7c2ab90276,2.0,2.25,2.5,1.5,4.75
4,4,3,4,4,4,4,4,3,4,4,4,3,4,3,4,3,4,4,4,3,4,4,4,4,4,3,4,4,4,4,4,4,4,4,4,4,4,4,4,4,4,3,4,3,4,4,3,4,4,4,4,4,4,3,3,3,4,4,3,4,4,5,4,4,4,4,4,4,4,4,4,4,3,3,4,4,3,4,4,4,4,3,4,4,4,4,4,4,4,results_18.csv,60c81a556366e2bc7502066f,3.25,3.5,1.75,2.0,4.75
4,4,4,4,4,4,5,4,4,5,4,4,2,4,3,3,3,3,4,4,4,4,4,4,4,4,3,3,4,4,4,4,4,4,4,4,4,4,4,4,4,4,3,3,3,3,3,3,4,4,4,4,4,4,3,3,2,4,3,3,4,4,4,4,4,4,4,4,4,4,4,4,3,3,3,4,4,3,4,4,4,4,4,4,4,4,4,4,4,4,results_18.csv,60fb4917318c63922d387555,1.0,3.5,3.75,3.5,3.5
4,4,4,4,4,4,4,4,4,4,4,4,2,3,3,3,3,3,4,4,4,4,4,4,4,4,3,4,4,4,4,4,4,4,4,4,4,4,4,4,4,4,3,3,3,3,3,4,4,4,4,4,4,4,3,4,3,4,3,3,4,4,4,4,4,4,4,4,4,4,4,4,3,4,3,4,4,3,4,4,4,4,4,4,4,4,3,4,4,4,results_18.csv,60fdd0b4f6dd3ba555f0f9db,4.25,4.75,3.5,3.5,1.75
4,4,4,4,4,4,4,4,4,4,4,4,3,3,3,3,3,3,4,4,4,4,4,4,4,4,3,4,4,4,4,4,4,4,4,4,4,4,4,4,4,4,3,3,3,3,3,3,4,4,4,4,4,4,3,4,3,3,3,3,4,4,4,4,4,4,4,4,4,4,4,4,3,3,3,4,3,4,4,4,4,4,4,4,4,4,3,4,4,4,results_18.csv,63d4383288ccc0d875a381e4,4.75,4.75,3.75,3.25,5.0
4,4,4,4,4,4,4,4,3,4,4,4,3,4,3,4,3,4,4,4,3,4,4,4,4,4,3,4,4,4,4,4,4,4,4,4,4,4,4,4,4,4,3,4,3,3,4,4,4,4,4,4,4,4,3,3,3,4,3,3,4,4,4,4,4,4,4,4,4,4,4,4,3,3,3,3,3,3,4,4,4,4,4,4,4,4,4,4,4,4,results_18.csv,63ea4f9fe0e6a3c7a08e3ffc,1.0,3.5,5.0,2.25,4.5
4,4,3,4,4,4,4,4,4,4,4,4,3,4,3,3,3,3,4,4,4,4,4,4,3,4,3,4,4,4,4,4,3,4,4,4,4,4,4,4,4,4,3,3,3,3,4,3,4,4,4,4,4,4,3,3,3,3,3,3,4,4,4,4,4,4,4,4,4,4,4,4,3,4,3,4,3,3,4,4,4,4,4,4,4,4,3,4,4,4,results_18.csv,6596bd0080a6c5fb83b93520,2.25,3.5,4.25,1.75,3.75
4,4,3,4,4,4,4,4,4,5,4,4,3,4,2,4,4,3,4,4,3,4,4,4,4,4,3,4,4,4,4,4,4,4,4,4,4,4,4,4,4,4,3,4,3,3,3,2,4,4,4,4,4,4,2,3,3,3,4,3,4,4,4,4,4,4,4,4,4,4,4,4,4,3,3,3,4,3,3,4,3,4,4,4,4,4,4,4,5,4,results_18.csv,65caa7c0f1403c9b8141857c,5.0,4.75,4.5,1.0,4.5
4,4,4,4,4,4,4,4,4,4,4,4,2,3,2,3,3,3,4,4,4,4,4,4,4,4,2,4,4,3,4,4,4,4,4,4,4,4,4,4,4,4,3,3,3,3,3,4,4,4,4,4,4,4,3,4,2,3,3,3,4,4,4,4,4,4,4,4,4,4,4,4,3,3,3,4,4,4,4,4,4,4,4,4,4,4,3,4,4,4,results_18.csv,65fdc4612c3c11b5aa2491b8,1.75,4.5,4.75,2.5,4.25
4,4,4,4,4,4,4,4,3,4,4,4,3,4,3,4,3,4,4,4,3,4,4,4,4,4,3,4,3,3,4,4,4,4,4,4,4,4,4,4,4,4,3,4,3,4,3,4,4,4,4,4,4,4,3,3,3,4,3,3,4,5,4,4,4,4,4,4,3,4,3,4,4,3,3,3,4,3,4,4,4,4,4,4,4,4,4,4,4,4,results_18.csv,662ac5849e0f931cc08e32b7,3.0,2.75,4.75,1.0,4.5
3,4,4,4,4,4,4,4,4,5,4,4,3,3,2,3,4,3,4,4,2,4,4,4,4,4,3,4,4,4,4,4,4,4,4,4,4,4,4,4,4,4,4,3,3,4,3,3,4,4,4,4,4,4,3,3,3,3,2,3,5,4,5,4,4,4,4,4,4,4,4,4,4,3,3,3,3,3,4,4,4,4,4,4,4,4,4,4,4,4,results_18.csv,665f00998cd3efe0c163e589,2.5,3.25,2.75,3.75,3.25
4,4,4,4,4,4,4,4,4,4,4,4,3,3,3,3,3,3,4,4,3,4,4,4,3,4,3,5,4,4,4,4,4,4,4,4,4,4,4,4,4,4,3,3,3,3,3,4,4,4,4,4,4,4,3,4,2,4,4,3,4,4,4,4,4,4,4,4,4,4,4,4,3,3,3,4,3,3,4,4,4,4,4,4,4,3,3,4,3,4,results_18.csv,6680452004dea60c1f984bba,2.0,4.25,3.75,3.0,4.5
4,4,4,4,4,4,4,4,3,4,4,4,3,4,3,4,3,4,4,4,3,4,4,4,4,4,3,4,4,4,4,4,4,5,4,4,4,4,4,4,4,4,3,4,3,4,4,4,4,4,3,4,4,4,3,3,3,3,3,3,4,4,4,4,4,4,4,4,4,4,4,4,4,3,3,4,4,3,4,4,3,4,4,4,4,4,4,4,4,4,results_18.csv,668331f861a6ee98717d3f1c,3.25,4.75,3.5,2.75,4.25
4,4,4,4,4,4,4,4,4,4,4,4,3,3,3,4,4,3,4,4,4,4,4,4,4,4,3,4,4,3,4,4,4,4,4,4,4,4,4,4,4,4,3,3,3,3,3,3,4,4,4,4,3,4,2,4,3,4,3,3,4,4,4,5,4,4,4,4,4,4,4,4,3,3,3,4,3,3,4,4,4,4,4,4,4,4,3,4,4,4,results_18.csv,668f9ed9bb21f5816f200832,3.5,4.5,5.0,1.5,5.0
4,4,3,4,4,4,4,4,4,5,4,4,3,4,3,4,3,3,4,4,4,4,4,4,3,4,3,4,3,3,4,4,4,4,4,4,4,4,3,4,4,4,3,3,3,3,2,4,4,4,3,4,4,4,3,4,3,4,3,3,4,4,4,4,4,5,4,4,4,4,4,4,3,3,3,4,4,3,4,4,4,4,4,4,4,4,4,4,4,4,results_18.csv,66a28f855a209341d4cc3fa4,2.0,3.5,3.0,4.75,4.75
4,4,3,4,4,4,4,4,4,4,4,4,3,3,2,3,3,3,4,4,4,4,4,4,4,4,3,4,4,4,4,4,4,4,4,4,4,4,4,4,4,4,3,3,3,3,3,4,4,4,4,4,4,4,3,4,3,3,3,3,4,4,4,4,4,4,4,4,4,4,4,4,3,3,3,4,3,3,4,4,4,4,4,4,4,4,3,4,4,4,results_18.csv,66b65a98fd042ac5bf7e0194,4.0,4.5,5.0,1.5,4.75
3,3,3,3,3,3,4,4,4,4,4,4,3,3,3,3,3,3,4,4,3,4,4,4,3,3,2,3,3,2,3,4,3,4,3,3,4,4,4,4,4,4,3,3,3,3,3,3,4,4,3,4,4,4,3,3,3,3,3,3,4,4,4,4,4,4,4,4,4,4,4,4,3,4,3,4,3,3,4,4,4,4,4,4,3,4,3,4,3,3,results_19.csv,5bc9206a66d04800015cf314,1.25,4.0,3.75,3.25,4.5
3,4,3,3,3,3,4,4,3,4,4,4,3,3,2,3,3,3,4,4,3,4,4,4,3,4,2,3,3,3,3,4,3,4,4,3,4,4,4,4,4,4,3,3,3,3,3,3,4,4,3,4,4,4,3,3,2,3,3,3,4,4,4,4,4,4,4,4,3,4,4,4,3,4,3,3,3,3,4,4,4,4,4,4,3,4,3,4,3,3,results_19.csv,5c1d9f0415a94b00018d7907,4.75,5.0,3.0,3.0,4.5
4,4,4,4,4,4,4,4,3,4,4,3,3,3,2,3,3,3,4,4,3,4,4,4,3,4,2,3,3,4,4,4,4,4,4,4,4,4,4,4,4,4,3,3,2,3,2,2,4,4,4,4,4,4,3,3,3,3,3,2,4,4,4,4,4,4,4,4,4,4,4,4,3,4,4,4,4,3,4,4,4,4,4,4,3,4,3,4,4,3,results_19.csv,5d4611bb3c5a360001b1bb59,1.0,4.0,2.25,3.75,4.75
4,5,3,4,4,4,4,4,3,4,4,4,3,4,3,4,4,4,4,4,3,4,4,4,3,4,2,4,3,3,4,4,4,5,4,4,4,4,4,4,4,4,3,4,3,4,4,4,4,4,4,4,4,4,4,4,3,4,4,4,4,4,4,4,4,4,4,4,3,4,4,4,3,3,3,3,3,3,4,4,3,4,4,4,3,4,3,4,3,3,results_19.csv,5d6c5cca8cb0f70001b1fac5,1.75,4.5,4.25,3.0,3.5
4,4,4,4,4,4,4,4,3,4,4,4,4,4,3,4,4,4,4,4,3,4,4,4,4,4,2,4,4,3,4,5,4,4,4,5,4,4,3,4,4,4,3,4,3,4,4,4,4,4,4,4,4,4,4,3,3,4,4,4,4,4,4,4,4,4,4,4,4,4,4,4,3,3,3,3,3,3,4,4,3,4,3,4,3,4,3,4,3,3,results_19.csv,60fc8001661feddb796ef7a0,1.0,3.25,4.5,2.25,4.0
4,4,4,4,4,4,4,4,3,4,4,4,4,4,3,4,4,4,4,4,3,4,4,4,4,4,2,4,4,4,4,4,4,4,5,4,4,4,4,4,4,4,3,4,3,4,4,4,4,4,4,4,4,4,3,4,3,4,3,4,4,4,4,5,4,4,4,4,4,4,4,4,4,4,3,4,3,3,4,4,4,4,4,4,4,4,4,4,4,4,results_19.csv,6117efedb574017076d5b499,3.25,3.75,4.25,1.75,4.75
4,4,3,4,4,4,4,4,3,4,4,4,3,3,2,3,2,3,4,4,3,4,4,4,3,4,2,3,3,3,4,4,4,4,4,4,4,4,4,4,4,4,3,3,2,3,3,2,4,4,4,4,4,4,3,3,3,3,2,3,4,4,4,4,4,4,4,4,4,4,4,4,3,3,3,4,3,3,4,4,4,4,4,4,4,4,3,4,3,3,results_19.csv,6163d3ea0d13c617bb46c99b,1.75,2.75,4.25,2.75,5.0
4,4,4,4,4,4,4,4,3,4,4,4,3,4,3,4,3,4,4,4,3,4,4,4,5,4,2,4,4,4,4,4,4,4,4,4,4,4,4,4,4,4,3,4,3,4,4,4,4,4,4,4,4,4,4,4,3,4,4,4,4,4,4,4,4,4,4,4,3,4,4,4,3,3,3,3,3,3,4,4,3,4,4,4,3,4,3,3,3,3,results_19.csv,6290c65ed46e5dce4f16bb92,1.25,2.25,4.0,2.25,3.75
4,4,4,4,4,4,4,4,3,4,4,4,3,3,2,3,3,3,4,4,3,4,4,4,3,4,2,3,3,3,4,4,4,4,4,4,4,4,4,4,4,4,3,3,3,3,3,3,4,4,4,4,4,4,3,3,2,3,3,3,4,4,4,5,4,4,4,4,4,4,4,4,4,4,4,4,3,3,4,4,4,4,4,4,3,4,3,4,3,3,results_19.csv,63c3068bd61c16717eeea2e5,4.0,4.0,4.75,1.5,5.0
4,4,3,4,4,4,4,4,4,4,4,4,3,4,3,4,4,4,4,4,3,5,4,4,4,4,2,4,4,4,4,4,4,4,5,4,4,4,4,4,4,4,3,4,3,4,4,4,4,4,4,4,4,4,3,3,2,4,4,4,4,4,4,4,4,4,4,4,3,4,4,4,3,3,3,3,3,3,4,4,3,4,4,4,3,4,3,3,3,3,results_19.csv,655422059823ecd3d751e6ba,4.0,2.5,3.25,2.25,4.0
4,4,4,4,4,4,4,4,3,4,4,4,3,3,2,3,3,3,4,4,3,4,4,4,3,4,2,4,2,3,4,4,4,4,4,4,4,4,3,4,4,4,3,3,2,3,3,3,4,4,4,4,4,4,2,3,3,3,3,3,4,4,4,4,4,4,4,4,4,4,4,4,3,3,3,4,3,3,4,4,4,4,4,4,3,4,3,4,3,3,results_19.csv,65878d4de4ec34e24bedb823,1.0,3.75,2.25,3.5,4.0
4,4,3,4,4,4,4,4,3,4,3,4,3,3,2,3,3,3,4,4,3,4,4,4,3,4,2,4,3,3,4,4,4,4,4,4,4,4,4,4,4,4,3,3,3,3,2,2,4,4,4,4,4,4,3,3,2,3,3,3,4,4,4,4,4,4,4,4,4,4,4,4,3,3,3,3,3,3,4,4,4,4,4,4,4,4,3,4,3,3,results_19.csv,6596be88a11683cdae324f1b,4.0,4.0,3.25,4.25,4.0
4,4,4,4,4,4,4,4,4,5,4,4,4,4,3,4,4,4,4,4,3,4,4,4,4,4,2,4,4,4,4,4,4,5,5,5,4,4,3,4,4,4,3,4,3,4,4,4,4,4,4,4,4,4,4,3,3,4,4,4,4,4,4,4,4,4,4,4,3,4,4,4,3,3,3,3,3,3,3,4,3,4,4,4,4,4,3,4,3,3,results_19.csv,66045766d7ff23576a9de1ca,3.5,4.75,2.75,2.25,4.5
4,4,4,4,4,4,5,4,3,4,4,4,3,4,3,4,4,3,4,4,3,4,4,4,4,4,2,4,4,4,4,4,4,5,4,4,4,4,4,4,4,4,3,4,3,3,4,4,4,4,4,4,4,4,3,4,3,4,4,4,5,4,4,4,4,4,4,4,3,4,4,4,3,3,3,4,4,3,4,4,4,4,3,4,3,4,3,3,3,3,results_19.csv,660c9fe7b2e6bf22bcc608b1,3.75,3.5,3.25,1.75,5.0
3,4,3,3,3,3,4,4,4,4,4,4,3,3,3,3,3,3,4,4,3,4,4,4,3,3,2,3,3,3,3,3,3,4,4,3,4,4,4,4,4,4,3,3,3,3,3,3,4,4,3,4,4,4,2,3,3,3,3,3,4,4,4,4,4,4,4,4,4,4,4,4,3,4,3,3,3,3,4,4,4,4,4,4,3,4,3,4,3,3,results_19.csv,662aa4644d318829d42496b7,1.25,4.5,3.25,3.0,3.5
4,4,4,4,4,4,4,4,3,4,4,4,3,3,3,3,3,3,4,4,3,4,4,4,3,4,2,3,3,3,4,4,4,4,4,4,4,4,4,4,4,4,3,3,3,3,3,3,4,4,4,4,4,4,3,2,3,3,3,3,4,4,4,4,4,4,4,4,4,4,4,4,3,4,3,3,3,3,4,4,4,4,4,4,3,3,3,4,3,3,results_19.csv,664e288b870040111663ebd1,1.75,4.25,3.5,3.0,3.5
4,4,4,4,4,4,4,4,3,4,4,4,3,3,2,3,3,3,4,4,3,4,4,4,3,4,2,4,3,3,4,4,4,4,4,4,4,4,3,4,4,4,3,3,2,3,3,3,4,4,4,4,3,4,2,3,3,3,3,3,4,4,4,4,4,4,4,4,4,4,4,4,3,3,3,4,3,3,4,4,3,4,4,4,3,4,3,4,3,3,results_19.csv,66528b309a03e723bf78adfa,2.75,4.5,3.25,3.25,4.25
3,4,3,4,4,4,4,4,3,4,4,4,3,3,3,3,3,3,4,4,3,4,4,4,3,4,2,3,3,3,4,4,4,4,4,4,4,4,4,4,4,4,2,3,3,4,3,3,4,4,4,3,4,4,2,3,3,3,3,2,4,4,4,4,4,4,4,4,4,4,4,4,3,3,3,4,3,3,4,4,4,4,4,4,4,4,3,4,3,3,results_19.csv,66baad4fa89b22f75d2d93e5,4.5,2.75,3.25,3.5,3.25
4,4,4,4,4,4,4,4,4,4,4,4,4,4,2,4,4,4,4,4,3,4,4,4,4,5,2,4,4,4,5,4,4,4,5,5,4,4,4,4,4,4,3,4,3,4,4,4,4,4,4,4,4,4,4,4,3,4,3,4,4,4,4,4,4,4,4,4,3,4,4,4,3,3,3,3,3,3,4,4,3,4,4,4,3,4,3,3,3,3,results_19.csv,66d85afdce3d81308afe183e,3.25,4.0,4.0,3.25,4.0
4,4,2,5,5,4,4,4,4,5,4,4,4,4,4,2,4,4,4,4,4,4,4,4,5,5,4,5,4,4,4,5,5,5,5,5,4,4,4,4,4,4,4,4,4,4,4,4,4,4,4,4,4,4,4,4,3,2,4,4,5,5,5,5,5,5,4,4,4,4,4,4,4,4,3,4,4,3,4,4,4,4,4,4,4,5,4,4,4,4,results_9.csv,5dbd796ee8add82bd3ef7878,1.75,5.0,4.0,4.5,5.0
4,4,4,4,4,4,4,4,3,4,4,4,3,3,3,3,3,3,4,4,4,4,4,4,3,4,3,4,3,3,4,4,4,5,4,4,4,4,4,4,4,4,3,3,3,4,3,4,4,4,4,4,4,4,3,3,3,4,3,3,4,4,4,4,4,4,4,4,4,4,4,4,4,4,3,4,4,3,4,4,4,4,4,4,4,4,4,4,4,4,results_9.csv,5e29dc4721a5f20481c70274,3.0,4.0,4.0,2.0,4.0
4,4,4,4,4,4,4,4,3,4,4,4,4,4,2,4,4,3,4,4,3,4,4,4,4,4,3,4,4,4,4,5,4,5,4,5,4,4,3,4,4,4,4,4,3,4,4,4,4,4,4,4,4,4,4,4,2,4,3,4,4,4,4,4,4,5,4,4,4,4,4,4,4,4,3,4,4,4,4,4,4,4,4,4,4,4,4,4,4,4,results_9.csv,5f363a9a07d496680e6dfc49,3.25,5.0,2.0,2.75,4.5
4,4,4,4,5,4,5,4,4,4,4,4,4,4,4,3,3,4,4,4,3,4,4,4,4,4,3,4,4,4,5,5,4,5,5,5,4,3,3,4,4,4,3,4,2,4,4,4,4,4,4,4,4,4,4,4,3,4,4,4,5,5,4,5,5,5,4,4,3,4,4,4,4,3,3,4,4,3,4,4,4,4,4,4,4,4,4,4,4,4,results_9.csv,6065236647732825e997d2f6,2.25,4.0,2.75,4.25,5.0
4,4,4,4,5,4,4,4,3,3,4,4,3,4,1,4,4,4,4,4,3,4,4,4,5,4,4,5,4,4,4,5,5,5,3,5,4,4,2,4,4,4,3,3,3,4,4,4,4,4,4,4,4,4,4,4,3,4,4,4,5,5,5,5,5,4,4,4,4,4,4,4,4,4,3,4,4,4,4,4,4,4,4,4,4,4,4,4,4,4,results_9.csv,6111587a8000027e7f79b1ba,1.5,4.5,4.25,3.75,5.0
4,4,3,4,3,4,4,4,4,4,4,4,4,4,1,4,3,4,4,4,4,4,4,4,4,4,3,3,3,4,5,4,3,4,4,4,4,4,4,4,4,4,3,4,3,3,4,4,4,4,4,4,4,4,3,3,3,4,3,3,5,3,4,5,4,4,4,4,4,4,4,4,4,4,3,4,4,3,4,4,4,4,4,4,4,4,4,4,4,4,results_9.csv,612b86da38f96808af7bb1da,4.25,4.0,4.25,1.75,3.0
3,3,3,3,3,3,3,4,3,4,3,3,3,3,3,3,3,3,4,4,3,4,3,3,3,3,3,3,3,4,3,3,3,3,3,3,3,4,3,3,3,3,3,3,3,3,3,3,3,4,3,3,3,3,2,2,3,3,2,3,3,3,3,3,3,3,3,4,3,3,3,3,3,3,3,3,3,3,3,3,3,3,3,3,3,3,3,3,3,3,results_9.csv,62fd42136d0fe24eccb23ec9,2.0,3.0,3.75,2.75,3.0
3,4,4,4,4,4,4,5,4,4,4,4,4,4,3,4,4,4,4,5,4,4,5,4,4,4,4,4,4,3,4,4,5,5,5,5,4,4,4,4,4,4,4,4,3,4,4,4,4,4,4,4,4,4,4,3,3,4,4,4,4,4,4,5,5,4,4,4,4,4,4,4,4,4,3,3,3,3,4,4,4,4,5,4,4,3,4,4,4,4,results_9.csv,653703627539f3a8b2ed4af3,4.0,4.75,4.75,1.0,4.75
4,3,2,3,3,3,3,3,2,3,3,3,2,3,3,2,2,3,3,3,2,3,3,3,2,3,2,3,3,3,4,4,3,4,4,4,3,3,3,3,3,3,2,3,2,3,3,3,3,3,3,3,3,3,2,3,3,3,3,3,4,4,3,4,3,4,3,4,3,4,3,3,3,3,3,3,3,3,4,3,3,3,3,3,3,3,3,3,3,3,results_9.csv,65a5bc46a459a1f1b5a8ade9,2.25,2.75,2.5,3.25,2.75
4,4,3,4,5,4,4,4,4,4,4,4,4,3,2,3,4,3,4,4,4,4,4,5,4,4,2,3,4,4,5,5,4,5,4,5,4,5,4,4,4,4,4,3,2,4,4,4,4,4,4,4,4,4,2,3,2,4,4,4,5,5,5,5,5,5,4,4,4,3,4,4,4,4,4,4,4,4,4,4,4,4,4,4,4,4,4,4,4,3,results_9.csv,6630d9ee0ec20757d2137554,2.5,2.5,4.0,3.5,2.75
4,4,4,4,4,4,4,4,3,4,4,4,3,4,2,3,3,3,4,4,3,4,4,4,4,4,3,4,4,4,4,5,4,4,4,4,4,4,3,4,4,4,4,3,3,4,3,4,4,4,3,4,4,4,3,4,3,4,3,3,4,4,4,4,4,5,4,4,4,4,4,4,3,4,3,4,4,4,4,4,4,4,4,4,4,4,4,4,4,4,results_9.csv,663a6537d8be42a9bd890765,2.0,4.25,3.5,3.75,4.75
4,4,3,4,5,4,4,4,4,4,4,4,3,4,4,3,3,3,5,4,4,4,4,4,4,4,3,5,4,4,4,4,4,5,4,4,4,4,4,4,4,4,3,4,3,3,4,4,4,4,4,4,4,4,4,3,3,4,3,4,5,4,5,5,4,4,4,4,4,4,4,4,4,3,3,4,4,4,4,4,4,4,4,4,4,4,4,4,4,4,results_9.csv,6669fe44c5660a00d14ab11d,1.75,4.25,4.5,2.5,4.5
4,3,3,3,4,3,4,4,3,4,3,3,3,3,2,3,2,2,4,4,3,4,4,4,3,3,2,3,3,3,4,4,4,4,4,4,3,4,3,4,3,3,2,3,3,3,3,3,4,4,3,4,4,4,2,2,3,3,3,3,4,4,3,4,4,4,3,4,3,4,4,3,3,3,3,3,3,3,4,4,4,4,4,4,3,3,3,3,3,3,results_9.csv,667f4eb6c32c389a9edb9747,1.75,4.0,2.25,4.0,3.75
4,3,2,2,4,4,4,4,2,4,4,5,2,4,1,2,2,4,5,4,3,4,4,4,4,3,1,4,3,4,3,5,3,3,3,3,3,3,2,4,3,3,2,4,3,4,2,3,4,4,4,4,4,4,2,4,1,2,2,3,3,3,4,3,4,4,4,4,4,3,3,4,3,3,4,4,4,3,4,4,3,4,4,4,4,4,3,4,3,3,results_9.csv,668161c6c32c389a9edbffe5,1.5,2.0,2.0,5.0,4.75
4,4,4,5,4,4,4,4,4,4,4,4,4,4,4,4,4,4,4,5,4,4,4,4,4,5,4,4,5,4,4,4,4,5,5,4,4,4,4,4,4,4,4,4,3,4,4,4,4,4,4,4,4,4,4,4,4,5,4,3,4,5,4,5,4,4,4,4,4,4,4,4,4,4,4,4,4,3,4,4,4,4,4,4,4,4,4,4,4,4,results_9.csv,66a280c10221d728f1f23b30,3.5,4.5,3.25,2.0,5.0
4,4,3,4,4,4,4,4,3,4,4,4,4,3,3,3,3,3,4,4,3,4,4,4,3,4,3,4,3,3,4,5,5,4,4,4,5,4,4,4,4,4,3,3,3,3,3,3,4,4,4,4,4,4,3,3,3,3,3,3,4,4,5,4,4,5,4,4,4,4,4,4,4,3,4,4,3,4,4,4,4,4,4,4,5,4,3,4,4,4,results_9.csv,66aa8a00cb81056a0cdb9216,2.25,4.5,4.5,3.25,3.75
4,4,4,5,4,4,4,4,4,4,4,4,3,4,4,4,4,2,4,4,4,4,4,4,4,4,2,4,4,3,4,4,3,4,3,5,4,4,4,4,4,4,3,4,4,4,3,4,4,4,4,4,3,4,3,2,3,3,4,3,4,4,3,4,4,4,4,4,4,4,4,4,4,4,3,4,4,3,4,4,3,4,4,4,3,4,3,4,3,3,results_9.csv,66cc91711ca3ffce3494567c,3.0,3.75,4.25,2.0,3.5
4,5,4,4,4,4,4,4,4,4,4,4,4,4,4,4,4,4,4,4,3,4,4,4,4,4,4,4,4,3,4,4,4,4,4,4,4,4,4,4,4,4,4,4,2,4,4,3,4,4,4,4,4,4,4,4,3,4,4,3,4,5,5,5,4,4,4,4,4,4,4,4,4,4,4,4,4,4,4,4,4,4,4,4,4,4,4,4,4,3,results_9.csv,66d65562e2fb36db3ae2c618,4.0,3.5,4.25,2.75,4.25
2,3,2,3,3,2,3,3,2,3,3,3,2,2,2,3,2,2,3,4,2,3,3,3,2,3,2,3,3,2,3,3,3,3,3,3,3,3,3,3,3,3,3,3,2,3,3,3,3,3,3,3,3,3,2,3,2,2,2,2,3,3,3,3,3,3,3,4,3,3,3,3,3,3,2,3,2,3,3,3,3,3,3,3,3,3,3,3,3,3,results_9.csv,670aec495e6ccc7bdc9059a9,2.25,3.0,3.0,1.5,3.25
4,5,5,4,4,4,4,5,4,5,5,4,4,5,4,5,4,4,5,5,4,4,4,4,4,5,4,5,5,5,5,4,5,5,4,5,4,4,4,4,4,4,4,4,3,3,4,4,4,4,3,5,4,4,3,4,3,4,4,4,5,4,4,4,4,4,4,4,4,4,4,4,4,4,3,4,5,4,4,5,5,4,4,4,3,4,3,4,4,5,results_8.csv,588e02b13326830001bc29cd,5.0,4.75,4.25,1.0,5.0
4,4,3,4,3,3,4,4,3,4,4,4,3,4,3,4,3,3,4,4,3,4,4,4,4,4,3,4,4,3,4,4,3,4,4,4,4,4,3,4,4,4,3,3,3,4,3,4,4,4,3,4,4,4,3,3,3,3,3,3,4,4,4,4,4,4,4,4,3,4,3,4,4,3,3,4,3,3,4,4,4,4,4,4,4,4,3,4,4,4,results_8.csv,610ac57b9c3dda7bb1dfdc1e,3.25,3.0,3.75,2.0,4.0
4,4,3,4,4,4,4,4,3,4,3,4,3,3,3,3,3,3,4,4,3,4,3,4,3,4,3,4,4,4,4,4,4,4,4,4,4,4,3,4,4,4,3,3,2,3,3,3,4,4,3,4,4,4,3,4,3,3,3,3,4,4,4,4,4,4,4,4,3,4,4,4,4,4,3,4,4,4,4,4,4,4,4,4,4,4,3,4,4,4,results_8.csv,6296290ec41bde1525dbb77e,3.25,4.0,3.25,2.5,4.0
4,4,3,4,4,4,4,4,4,4,4,4,4,4,3,4,4,3,4,4,4,4,4,4,4,4,3,4,3,4,4,4,4,4,4,4,4,4,4,4,4,4,3,4,3,3,3,3,4,4,4,4,4,4,3,3,3,3,3,3,4,4,4,4,4,4,4,4,4,4,4,4,3,4,3,4,3,3,4,4,3,4,4,4,3,4,3,3,3,3,results_8.csv,631c8e97db06f601f81bd82f,3.5,4.0,4.0,1.75,3.25
3,3,3,3,3,3,4,4,3,4,4,4,3,3,2,3,3,3,4,4,3,4,4,3,2,3,2,3,3,3,3,3,3,3,3,3,4,4,3,4,4,4,3,3,2,3,3,3,4,4,3,4,4,3,2,2,3,3,2,3,3,4,3,3,3,3,3,4,3,4,3,3,3,3,3,3,3,3,4,4,3,4,4,3,3,3,3,3,3,3,results_8.csv,63474e67a5fd298c6103c409,2.25,2.75,3.5,2.75,3.5
5,5,5,4,5,5,5,5,5,4,4,4,4,3,4,5,4,4,5,5,4,4,4,4,4,5,4,3,4,4,4,4,5,5,5,5,4,4,4,4,4,4,4,3,4,4,3,4,4,5,4,5,4,5,4,4,3,4,4,3,5,4,4,4,4,4,4,5,4,4,4,4,4,4,3,4,4,4,4,4,4,4,4,4,4,4,3,4,4,4,results_8.csv,65de3af8fcbc6ef9331bd863,4.25,5.0,5.0,2.25,5.0
4,4,4,4,4,4,4,5,4,4,5,4,4,4,3,4,4,4,4,5,4,4,4,5,4,4,4,4,4,4,4,4,4,4,4,4,4,4,4,4,4,4,3,3,3,4,4,4,4,4,4,4,5,4,3,4,2,4,4,3,4,5,4,4,4,4,4,4,4,4,4,4,4,4,4,4,4,4,4,4,4,4,4,4,4,4,4,4,4,3,results_8.csv,65fc9f54bf0a6174674f0851,4.75,4.0,5.0,3.5,4.25
5,4,4,5,5,4,4,4,4,4,3,4,4,4,3,4,3,4,4,4,4,5,4,4,5,4,3,4,4,4,5,4,4,5,4,5,4,4,4,4,4,4,4,4,3,4,4,4,4,4,4,4,4,4,4,4,3,4,4,4,4,5,4,4,4,4,4,4,4,4,4,4,4,4,3,4,4,3,4,4,4,4,4,4,4,4,3,4,4,4,results_8.csv,66295cf0dbecaeeb1cddb852,3.5,4.25,3.25,3.0,5.0
4,5,4,5,4,4,4,4,4,4,4,4,4,4,3,4,4,3,4,5,4,4,4,4,4,4,4,4,4,4,5,5,5,5,5,5,4,4,4,4,4,4,4,4,3,4,4,4,4,4,4,5,4,4,4,4,3,4,4,3,5,5,5,5,5,5,4,4,4,4,4,4,4,4,4,4,4,4,4,4,4,4,4,4,4,4,4,5,4,4,results_8.csv,662a650b6b7d15a354343ad4,4.0,4.75,4.0,2.25,5.0
4,4,4,4,4,4,4,4,4,4,4,4,3,4,3,4,3,4,4,4,4,4,4,4,4,4,3,4,4,4,4,5,5,5,5,4,4,4,4,4,4,4,3,4,3,4,4,4,4,4,4,4,4,4,3,4,3,4,3,4,4,5,4,4,4,4,4,4,4,4,4,4,4,4,4,4,4,4,4,4,4,4,4,4,4,4,3,4,4,4,results_8.csv,6632944bbc110f7862810d5a,2.25,4.5,4.5,2.0,4.25
4,4,5,4,3,4,3,4,5,4,3,3,3,3,2,3,2,2,4,5,3,4,3,4,3,3,4,4,3,3,4,5,4,4,4,4,4,4,4,4,4,4,3,3,3,4,3,4,4,4,3,4,4,4,3,3,2,3,3,3,4,4,4,4,4,4,4,4,3,4,3,4,4,4,4,4,4,4,4,4,4,4,4,4,4,4,3,4,4,4,results_8.csv,66461dfd1eb6453139b1db4c,2.75,5.0,3.0,1.5,3.25
4,3,4,4,4,4,4,4,4,4,4,3,3,3,2,3,3,3,4,4,3,4,3,5,4,3,3,4,4,3,4,5,4,4,4,4,4,4,4,4,4,4,3,3,4,4,3,3,4,4,3,4,4,3,3,3,3,3,3,4,5,5,4,5,4,4,4,4,4,4,4,4,4,3,3,3,4,3,4,4,3,4,4,4,4,4,3,4,4,4,results_8.csv,66492b46ca139ec22508f92e,1.25,2.75,3.0,3.75,4.25
4,5,4,5,4,4,4,5,4,4,4,4,3,4,3,4,3,3,4,4,3,4,4,4,4,4,3,4,4,4,4,4,4,4,4,4,4,4,4,4,4,4,3,4,2,4,3,4,4,4,4,4,4,4,2,3,3,4,3,2,4,5,4,4,4,4,4,4,4,4,4,4,4,4,4,3,4,4,4,4,4,4,4,4,4,4,3,4,4,4,results_8.csv,664fc6ec0beb5400a141b77b,2.5,5.0,4.25,1.5,4.0
4,4,3,4,3,3,4,4,4,5,3,3,4,3,2,3,4,3,4,4,3,4,4,4,4,4,4,4,3,4,4,4,4,4,5,4,4,4,4,3,3,3,3,4,2,4,3,3,4,5,3,4,4,4,2,4,2,3,3,3,4,4,4,4,4,4,4,4,4,4,4,4,3,4,3,4,4,3,4,4,3,4,4,4,3,4,3,4,4,3,results_8.csv,66ad1a1dc6fc1d8c672a0a9a,2.0,5.0,3.5,3.5,3.25
4,4,4,4,4,4,4,4,4,4,4,4,3,4,3,3,3,5,4,4,3,4,4,4,4,3,3,4,4,4,4,4,4,4,4,4,4,4,3,4,4,4,4,3,3,4,4,4,4,4,4,4,4,4,3,4,3,4,4,3,5,4,4,4,4,4,4,4,3,4,4,4,4,4,3,4,4,4,4,3,4,4,4,4,4,4,4,4,4,4,results_8.csv,66aec331928d119d42ce565f,2.75,4.5,4.5,1.5,4.75
4,4,2,4,4,3,4,4,4,4,4,4,3,3,2,3,2,4,4,4,4,4,4,4,4,3,4,4,3,4,4,5,4,4,4,4,4,4,4,4,4,4,3,3,3,4,3,3,4,4,4,4,4,4,2,2,2,4,2,2,4,4,4,4,3,3,4,4,4,4,3,4,3,4,4,3,4,3,4,4,3,4,4,4,3,5,3,4,3,4,results_8.csv,66bffd8c97a80ac91e1087e0,3.5,4.25,5.0,1.25,2.5
3,4,3,4,3,3,4,4,3,4,4,4,3,4,3,3,3,3,4,4,3,4,4,4,3,4,3,4,4,3,4,4,3,4,4,3,4,4,4,4,4,4,3,3,3,4,3,3,4,4,4,4,4,4,3,3,3,3,3,3,4,4,3,4,4,3,4,4,3,4,4,4,4,4,3,4,3,3,4,4,4,4,4,4,4,3,3,4,3,3,results_8.csv,67059311fdf4bc0b38a00848,4.0,3.25,3.75,2.5,3.75
4,4,2,4,4,4,4,4,3,4,4,4,3,3,2,3,4,4,4,4,3,4,4,3,4,3,2,4,4,4,4,4,3,4,4,4,4,4,3,4,4,4,4,3,2,3,4,4,3,4,3,4,4,3,3,3,2,4,4,3,4,4,3,4,3,4,4,4,3,4,3,4,4,3,3,3,4,4,3,4,3,4,4,4,4,4,3,4,4,4,results_8.csv,670aa13c11ae50c8b17b8068,1.5,2.25,2.5,2.25,4.0
4,4,4,5,4,4,5,5,4,4,4,4,2,4,2,3,3,4,4,4,4,4,3,4,3,4,2,4,4,4,4,5,4,4,4,4,5,5,4,4,4,4,4,4,4,4,3,3,4,5,4,4,4,4,3,3,3,4,3,4,4,4,4,4,4,4,4,4,4,5,4,4,4,3,4,4,4,3,4,4,4,4,4,4,4,4,3,4,4,3,results_8.csv,672c74f54295206bddb0146a,1.75,5.0,3.25,2.0,4.0
4,4,3,4,4,3,4,4,3,4,4,4,2,3,2,2,3,4,4,4,2,4,4,4,4,4,2,4,4,4,4,4,3,4,4,4,4,4,3,4,4,4,2,2,2,3,2,4,4,4,3,4,4,4,3,3,2,3,3,3,4,4,4,4,4,4,4,4,3,4,4,4,3,3,2,3,3,3,4,4,4,4,4,4,4,4,3,4,4,4,results_6.csv,59c25b315364260001dc4b45,2.0,2.0,3.0,4.0,5.0
5,5,4,5,5,5,5,5,4,5,4,4,5,4,4,4,4,4,5,4,4,4,3,4,4,5,4,5,4,4,5,5,4,5,5,4,3,4,4,4,4,4,4,4,3,3,4,4,4,4,4,4,4,4,3,3,3,3,3,3,5,4,4,4,4,4,4,4,4,4,4,4,4,4,4,4,4,3,4,4,4,4,4,4,4,4,4,4,4,4,results_6.csv,5a68c8ec63394a000155cbb9,1.75,5.0,4.75,1.75,3.75
4,4,4,4,4,4,4,4,4,4,4,4,3,4,2,4,3,4,4,4,3,4,4,4,4,4,3,4,4,4,4,5,4,5,4,4,4,4,4,4,4,4,4,3,3,3,4,4,4,4,4,4,4,4,4,4,3,4,4,4,4,5,4,5,5,5,4,4,4,4,4,4,3,4,3,3,3,3,4,4,4,4,4,4,4,4,3,4,4,4,results_6.csv,5b21702b6dba320001b072ce,2.25,3.25,4.5,1.25,4.75
4,4,4,4,4,4,5,5,4,5,4,4,4,4,3,4,4,4,4,4,4,4,4,4,4,4,4,4,4,4,4,4,4,5,4,4,4,4,4,4,4,4,4,4,3,4,4,4,4,4,4,4,4,4,3,4,3,4,4,4,4,4,4,4,4,4,4,4,4,4,4,4,4,4,4,4,3,4,4,4,4,4,4,4,4,4,3,4,4,4,results_6.csv,5c92aa671ce0cd00128c6c86,3.25,5.0,3.5,2.5,4.75
5,5,4,5,4,5,4,5,5,5,4,4,4,4,4,5,4,4,5,5,4,5,4,4,5,5,4,5,4,4,5,5,4,5,5,5,4,4,4,4,4,4,4,4,4,4,3,4,4,5,4,4,4,4,4,4,3,4,4,4,5,5,4,4,4,4,4,4,4,4,4,4,4,4,3,4,4,3,4,4,4,4,4,4,4,4,4,4,4,4,results_6.csv,5cd08e2ff59e0a0013563602,4.0,5.0,4.0,2.5,5.0
5,5,4,5,5,5,5,4,4,5,4,4,4,4,4,5,4,4,5,5,4,5,4,4,4,5,4,5,5,4,3,4,4,4,5,4,4,4,4,4,4,4,3,4,3,4,3,4,4,4,4,4,4,4,3,4,3,4,4,3,5,5,4,4,4,4,4,4,4,4,4,4,4,4,3,3,4,3,4,4,4,4,4,4,4,4,4,4,4,4,results_6.csv,5d423287112baf0018b0673c,3.25,2.75,4.0,3.0,3.0
5,4,3,4,3,3,4,4,4,4,4,4,4,4,3,4,4,4,4,4,3,4,4,4,4,4,3,4,4,3,4,4,4,4,4,5,4,4,4,4,4,4,3,4,3,4,3,4,4,4,4,4,4,4,2,3,4,4,3,4,4,4,5,4,4,4,4,4,4,4,4,4,4,4,3,4,3,4,4,4,4,4,4,4,4,4,4,4,4,4,results_6.csv,5ee1236e7f235110ac6c4ff4,2.75,4.5,4.0,3.5,2.0
4,5,4,4,4,4,4,4,4,4,4,4,4,4,3,4,4,4,4,4,4,4,4,4,4,4,4,4,4,4,5,5,4,5,4,4,4,4,4,4,4,4,4,4,4,4,4,4,4,4,3,4,4,4,4,4,4,4,3,3,4,5,4,5,4,4,4,4,4,4,4,4,4,4,3,4,4,3,4,4,4,4,4,4,4,4,4,4,4,4,results_6.csv,5f828002935db93a4d29d577,3.25,3.25,3.5,2.25,5.0
3,4,3,4,3,3,4,4,3,4,4,3,3,3,3,3,3,3,4,4,3,4,4,4,3,4,3,3,3,3,4,4,3,4,4,4,4,4,3,4,3,3,3,3,3,3,3,3,3,4,3,4,3,4,3,3,3,3,3,3,4,4,4,4,4,4,4,4,3,4,4,3,3,3,3,3,3,3,4,4,3,4,3,4,3,4,3,4,3,3,results_6.csv,6341b868a41dcb8f252c509a,2.75,3.0,3.25,2.75,3.5
3,4,4,5,5,4,5,4,4,4,4,4,3,2,3,2,2,2,4,4,3,4,4,4,4,5,4,4,4,4,5,5,5,5,4,4,4,4,4,4,4,4,4,4,3,4,4,4,4,4,4,4,4,4,3,3,3,4,3,4,4,4,4,4,4,4,4,4,4,4,4,4,4,4,3,4,4,3,4,4,4,4,4,4,4,4,4,4,4,4,results_6.csv,653581671571d347299832d7,1.5,3.25,3.5,3.25,4.0
3,4,3,3,4,4,4,4,3,4,4,4,3,3,2,3,3,3,3,4,2,4,4,3,4,4,2,4,3,4,4,4,3,4,4,4,4,4,3,4,4,3,2,3,2,3,3,3,3,4,3,4,3,4,2,3,3,3,3,3,4,4,4,4,4,4,4,4,3,4,4,3,3,3,2,3,3,3,4,4,3,4,4,4,4,4,3,4,4,4,results_6.csv,65dfb9ef84f2b03399eecc6c,2.5,2.25,3.75,3.0,4.25
3,3,2,3,3,3,3,4,3,4,3,3,2,3,2,3,2,2,3,4,2,4,3,3,3,3,2,3,3,2,3,4,3,3,3,3,3,4,3,4,3,4,3,3,3,3,3,3,3,4,3,4,3,4,2,2,2,2,2,3,4,3,3,3,3,3,3,4,3,4,3,3,3,3,3,3,3,3,4,4,3,4,3,3,3,3,3,3,3,3,results_6.csv,65e25a56b48b9af00aaf76d5,3.25,4.25,3.0,2.5,3.0
4,4,4,4,5,4,4,4,4,4,4,4,3,4,3,4,3,3,4,5,4,5,4,4,4,4,2,4,4,3,4,4,4,5,5,4,4,4,4,4,4,4,4,4,3,4,4,4,4,4,4,4,4,4,3,3,3,4,3,4,4,4,4,4,4,4,4,4,4,4,4,4,4,4,3,4,4,4,4,4,4,4,4,4,4,4,4,4,4,4,results_6.csv,662939d4dcb829c0cd170ac9,4.5,4.75,2.5,2.0,4.75
4,4,4,4,4,4,5,4,4,4,4,4,3,4,3,4,3,3,4,4,3,4,4,4,3,4,4,4,4,4,4,4,4,5,4,4,4,4,4,4,4,4,4,4,3,4,4,4,4,4,4,4,4,4,4,4,3,4,4,4,4,4,4,4,4,4,4,4,4,4,4,4,3,3,3,4,4,3,4,4,4,4,4,4,4,4,4,4,4,4,results_6.csv,66463e4efb99fba5a67a010a,2.0,3.75,4.0,1.75,4.5
4,4,4,4,5,5,4,4,4,4,4,4,4,4,3,4,4,4,4,5,4,5,4,4,4,4,3,4,4,4,5,4,4,5,4,5,4,4,4,4,4,4,4,4,3,4,4,4,4,4,4,4,4,4,4,4,3,4,4,3,4,4,5,5,4,4,4,4,4,4,4,4,3,4,3,4,4,4,4,4,4,4,4,4,4,4,3,4,4,4,results_6.csv,6697953e9a3629ebf4a4d3eb,2.25,4.25,4.75,3.25,4.25
5,5,4,5,5,4,5,5,4,5,4,5,4,5,4,5,4,4,5,5,4,4,3,4,5,4,4,5,4,4,4,5,4,4,4,4,4,4,4,4,4,4,3,4,3,3,4,3,4,4,4,4,4,4,4,3,3,4,4,4,5,5,4,4,4,4,4,4,4,4,4,4,4,4,3,4,4,3,4,4,4,4,4,4,4,4,4,4,4,4,results_6.csv,669d8f03a8742ea4d11b35d8,3.0,3.0,3.0,3.25,3.0
5,5,4,5,5,4,5,5,4,5,5,4,4,4,4,4,4,4,4,5,4,4,4,4,5,4,4,5,5,4,4,5,5,5,5,5,4,4,4,4,4,4,4,4,3,4,4,4,4,4,4,4,4,4,3,4,3,4,3,4,5,5,4,4,4,4,4,4,4,4,4,4,4,4,3,4,3,3,4,4,4,4,4,4,4,4,4,4,4,4,results_6.csv,66b3e078bef7d6dd6c53e015,3.75,5.0,3.75,2.75,4.25
4,4,3,4,4,4,4,4,3,4,4,4,3,3,2,3,4,4,4,4,3,4,4,4,4,4,3,4,4,4,4,4,4,5,4,4,4,4,3,4,4,4,3,4,3,3,4,4,4,4,3,4,4,4,3,3,3,4,4,4,4,4,4,4,4,4,4,4,4,4,4,4,4,4,4,4,4,4,4,4,4,4,4,4,4,4,4,4,4,4,results_6.csv,66ede5bbe36caed7269bd7e2,2.75,3.75,3.75,2.5,4.75
4,4,3,4,4,4,3,4,3,4,4,4,2,3,2,2,2,2,4,4,3,4,3,4,2,3,2,2,2,2,4,4,4,4,4,4,4,4,4,4,4,4,2,2,3,3,2,2,3,4,4,4,4,4,2,2,2,2,2,2,4,4,4,4,4,4,4,4,4,4,4,4,3,3,3,3,3,2,4,4,4,4,4,4,3,3,3,3,3,3,results_7.csv,5b15307351caaf0001228d9b,1.0,4.5,4.75,4.25,2.0
4,4,4,4,4,4,4,4,4,4,4,4,4,4,4,4,4,4,4,4,4,4,4,4,4,4,3,4,4,4,4,5,4,4,4,4,4,4,4,4,4,4,4,4,3,4,3,4,4,4,4,4,4,4,3,4,3,4,3,3,4,4,4,4,4,4,4,4,4,4,4,4,4,4,4,4,4,4,4,4,4,4,4,4,4,4,4,4,4,4,results_7.csv,5bef41fa54277d000114d6ad,4.0,4.0,4.0,2.5,4.0
4,4,3,4,4,3,4,4,3,4,4,4,3,3,3,3,3,3,4,4,2,4,4,4,4,4,3,4,4,3,4,4,4,4,4,4,4,3,3,4,4,3,3,3,3,3,3,3,4,4,3,4,4,4,3,3,3,3,3,3,4,4,3,4,4,4,4,4,3,4,3,3,3,4,3,3,4,3,4,4,3,4,4,4,4,4,2,4,4,3,results_7.csv,60fb26e75427cb8125f2e4a4,3.25,3.25,4.0,2.0,4.0
2,4,3,3,3,2,4,4,4,4,4,4,2,3,2,3,2,3,4,4,3,4,4,4,2,3,2,3,3,3,4,4,3,4,3,3,4,4,4,4,3,4,3,3,3,2,3,2,4,4,3,4,4,4,3,2,3,3,2,2,4,4,4,4,4,4,4,4,4,4,4,4,3,3,3,3,3,3,4,4,3,4,4,4,3,3,3,4,3,3,results_7.csv,60fd6618f9a377f54dcdf318,2.0,3.25,4.75,1.0,3.25
3,4,2,4,4,2,4,4,4,4,4,4,3,3,2,3,3,4,4,4,2,5,4,4,3,4,2,4,4,4,4,4,3,4,4,4,4,4,4,4,4,4,3,3,2,3,3,3,4,4,3,4,4,4,2,3,2,3,4,3,4,4,3,4,4,3,4,4,3,4,4,4,3,3,2,3,3,3,4,4,3,4,4,4,4,4,4,4,4,4,results_7.csv,632b9d9bc38454f47019295c,1.0,3.25,4.0,1.0,4.75
3,3,2,4,3,2,4,4,4,4,4,4,2,3,1,2,3,2,4,4,3,4,4,4,3,4,2,3,4,3,3,4,3,4,4,4,4,4,3,4,4,3,2,3,2,3,3,2,4,4,3,4,4,4,2,3,2,3,3,3,4,4,4,4,4,3,4,4,3,4,4,4,3,3,3,3,3,4,4,4,3,4,4,4,3,4,3,4,4,3,results_7.csv,64012a2623351894f2917605,2.0,4.0,4.5,1.5,4.0
3,4,2,4,4,4,4,4,3,4,3,4,3,3,2,3,3,3,4,4,4,4,4,4,4,3,3,4,3,4,4,4,3,4,4,4,3,4,3,4,4,4,2,3,2,3,3,3,4,5,3,4,4,4,3,3,3,3,3,3,4,4,4,4,4,4,4,4,4,4,4,4,3,3,3,3,3,3,4,4,4,4,4,4,3,4,3,4,4,4,results_7.csv,66170b4c0e786dcaf1356dd3,2.75,4.0,4.0,4.0,4.25
4,4,3,4,4,4,4,5,4,4,5,4,4,4,3,4,4,4,4,4,2,4,4,4,5,3,3,4,4,4,4,4,4,4,4,4,4,4,4,4,4,4,3,3,3,3,3,3,4,4,4,4,4,4,3,3,2,4,3,3,4,4,4,4,3,4,4,4,3,4,4,4,3,3,3,3,3,3,4,4,4,4,4,4,4,4,4,4,4,4,results_7.csv,662b357f8ee98eee43595d43,3.75,3.25,4.75,1.5,5.0
4,4,4,4,4,4,4,4,3,4,4,4,3,4,3,4,3,3,4,4,4,4,4,4,3,4,2,4,4,3,4,4,4,4,4,4,4,4,4,4,4,4,4,4,3,4,4,3,4,4,4,4,4,4,3,4,3,4,3,4,4,4,4,4,4,4,4,4,4,4,4,4,4,4,4,4,4,4,4,4,4,4,4,4,4,4,3,4,4,3,results_7.csv,6643a23e1668916a901333d9,3.25,5.0,4.5,1.25,4.5
3,3,2,3,2,3,4,4,3,4,4,4,3,3,2,3,3,3,4,4,3,4,3,3,2,3,2,3,3,3,4,4,3,4,3,3,4,4,3,4,3,3,3,3,2,3,3,3,3,4,3,4,3,4,3,3,3,2,3,3,4,3,3,4,3,3,4,4,3,4,3,4,3,3,3,3,3,3,4,4,3,4,3,3,3,3,3,3,3,3,results_7.csv,6665cd88654aed261dac715c,1.75,3.25,4.0,2.25,3.0
3,4,4,3,4,4,4,4,4,4,4,4,4,4,4,5,2,4,4,4,3,4,4,4,4,4,4,4,4,4,4,4,4,4,4,4,4,4,4,4,4,4,4,4,4,4,4,4,4,4,3,4,4,4,2,3,3,3,4,3,4,4,4,4,4,4,4,4,4,4,4,4,4,4,3,3,4,3,4,4,4,4,4,4,3,4,3,4,4,4,results_7.csv,669e7b8d49d69303f41baed1,4.5,4.0,4.25,2.5,4.5
4,4,2,4,4,4,4,4,3,4,4,4,3,4,2,4,3,3,4,4,3,4,4,4,4,4,3,4,4,4,4,4,4,4,4,3,4,4,3,4,4,4,3,4,3,3,3,3,4,4,3,4,4,4,3,2,3,3,3,3,4,4,4,4,4,4,4,4,4,4,4,4,3,3,3,3,3,3,4,4,3,4,4,4,4,4,3,4,4,4,results_7.csv,66a2e7cb1d9c242e4a7116cc,2.5,3.75,2.5,3.75,4.0
4,5,4,4,4,4,4,4,4,4,4,4,4,4,4,4,4,4,4,4,4,4,4,4,4,4,3,4,4,4,5,5,5,5,5,5,4,4,4,4,4,4,4,4,3,4,3,4,4,4,4,4,4,4,4,4,3,4,4,4,5,4,4,5,5,4,4,4,4,4,4,4,4,4,4,4,4,4,4,4,4,4,4,4,4,4,4,4,4,4,results_7.csv,66aa826226ace74112a5a24f,3.25,4.5,4.25,2.5,4.75
2,3,4,3,4,2,4,5,4,4,4,4,3,2,2,2,2,2,4,4,3,4,4,4,2,3,1,2,4,2,3,4,2,3,3,2,4,4,4,4,3,4,2,2,3,2,2,2,4,4,4,4,4,3,1,2,2,2,2,3,3,4,2,4,2,4,4,4,4,4,4,4,3,3,3,3,3,3,4,4,4,4,4,4,2,4,2,3,4,3,results_7.csv,66c39523c807184f4582c50a,1.0,3.25,5.0,2.5,2.75
3,4,3,4,4,4,4,5,4,4,4,4,3,3,2,3,3,3,4,4,3,4,4,4,3,4,2,4,4,3,4,4,4,4,4,4,4,4,4,4,4,4,3,3,2,4,2,2,4,4,4,4,4,4,2,2,2,3,3,3,4,4,3,4,4,3,4,4,4,4,4,4,4,4,3,3,3,3,4,4,4,4,4,4,4,4,3,3,4,3,results_7.csv,66e0878b8a2624c7a7339c19,1.75,4.0,5.0,3.0,4.25
3,4,3,4,4,4,4,4,4,4,4,4,3,3,2,3,2,3,4,4,4,4,3,4,3,3,3,2,2,2,4,4,2,4,4,4,4,4,4,4,4,3,2,3,2,2,3,3,4,4,4,4,4,4,3,3,2,3,3,3,4,4,4,4,4,4,4,4,4,4,4,4,4,3,3,3,3,3,4,4,3,4,4,4,3,4,3,3,3,3,results_7.csv,66e1db013b5b9c42283af192,2.0,4.0,4.75,2.0,4.0
4,4,3,4,4,4,4,4,3,5,4,4,3,4,2,3,3,4,4,4,3,4,4,4,4,4,2,2,3,4,4,4,4,4,4,4,4,4,4,4,3,3,3,4,3,3,3,4,4,4,3,4,4,4,2,2,3,2,3,3,4,4,4,4,4,4,4,4,3,4,4,4,3,3,3,3,3,3,4,4,4,4,4,4,3,4,3,3,4,3,results_7.csv,6700913b83a64ec85e20319a,3.25,4.25,4.0,4.5,5.0
4,4,3,4,3,3,4,4,3,4,4,5,3,3,2,2,3,3,4,4,3,4,4,3,3,4,3,3,3,3,3,4,3,4,3,4,4,4,3,4,3,3,3,2,3,3,3,3,4,4,3,4,3,3,2,3,3,3,3,3,4,4,3,4,4,4,4,4,3,4,4,3,3,3,3,3,3,4,4,4,3,4,4,4,3,3,4,3,4,3,results_7.csv,671e70010b8f04850445045f,3.5,3.5,3.5,3.0,2.75
2,3,2,3,2,4,4,4,4,4,4,2,2,2,2,2,2,2,4,4,4,4,4,4,4,4,4,4,4,4,5,4,4,4,4,4,4,4,4,4,4,4,3,4,3,5,4,4,4,4,4,4,4,4,3,4,3,4,3,3,4,4,3,4,4,4,4,4,4,4,4,4,3,3,3,3,3,3,4,4,4,4,4,4,4,4,3,4,4,4,results_5.csv,5911ef4adcc7b30001eed81b,1.0,1.0,3.0,2.5,3.0
4,4,3,4,4,4,4,4,3,4,4,4,4,4,3,4,4,4,4,4,4,4,4,4,4,4,3,5,4,5,4,4,4,4,4,5,4,4,3,4,4,4,4,4,3,4,4,4,4,4,4,4,4,4,3,4,3,4,4,4,4,4,4,4,4,4,4,4,4,4,4,4,4,3,4,4,4,4,4,4,4,4,4,4,4,4,4,4,4,4,results_5.csv,5d27e4e24ea8d100170b3c61,3.75,4.5,2.0,4.25,5.0
4,4,3,4,3,3,5,4,4,5,4,4,3,3,2,3,3,3,4,4,3,4,4,4,4,4,3,4,3,4,4,4,3,4,4,4,4,4,4,4,4,4,3,4,3,3,3,3,4,4,3,4,4,4,3,3,3,3,3,3,4,4,3,4,4,4,4,4,4,4,4,4,3,4,3,4,3,3,4,4,4,4,4,4,4,4,3,3,4,3,results_5.csv,5dd42e7f35cf744223c60d1b,4.5,2.0,5.0,3.75,4.75
4,4,3,4,4,4,5,5,4,4,4,3,3,4,3,4,4,3,4,4,4,4,4,4,4,4,4,4,4,4,5,4,4,5,4,5,4,4,4,4,4,4,3,4,3,4,4,4,4,4,4,4,5,4,4,4,3,4,4,3,4,4,4,4,4,4,4,4,4,4,4,4,3,3,3,3,3,3,4,4,4,4,4,4,3,4,3,4,4,4,results_5.csv,6089ced32208d519e8ff3ef4,2.0,4.25,4.75,5.0,5.0
4,4,3,4,4,4,4,4,3,4,4,4,3,4,3,4,3,3,4,4,4,4,4,4,4,4,3,4,4,4,3,4,4,4,4,5,4,4,4,4,4,4,3,3,3,4,3,3,4,5,4,4,4,4,4,4,4,3,3,3,4,4,3,4,4,4,4,4,4,4,4,4,3,3,3,4,3,3,4,4,4,4,4,3,4,4,3,4,4,4,results_5.csv,60c4e1091b936c7b812e5af4,2.0,4.0,4.25,1.75,4.0
4,4,4,5,4,4,4,4,4,4,4,4,4,4,3,4,4,4,4,4,4,4,4,4,4,4,4,4,4,4,5,5,4,5,5,5,4,4,4,4,4,4,4,4,3,4,4,4,4,4,4,4,4,4,4,4,3,4,3,4,5,4,4,5,5,5,4,4,4,4,4,4,4,4,4,4,4,3,4,4,4,4,4,4,4,4,4,4,4,4,results_5.csv,61453d979fbdb8e800b8f0eb,3.5,5.0,3.75,2.0,4.5
4,4,4,4,4,4,4,5,4,4,4,4,4,4,4,4,4,4,4,4,4,4,4,4,4,4,4,4,4,4,4,4,4,5,5,5,4,4,4,4,4,4,4,4,2,3,4,4,4,4,4,5,4,4,3,4,3,4,3,3,4,4,3,4,4,4,4,4,4,4,4,4,3,3,3,3,3,3,4,4,4,4,4,4,4,4,3,4,4,3,results_5.csv,62e9731465fb490879d942c7,3.5,4.0,4.0,2.5,4.0
4,4,4,4,4,4,4,4,4,4,4,4,4,4,4,4,4,4,4,4,3,4,4,4,4,4,4,4,4,4,5,4,4,4,4,4,4,4,4,4,4,4,2,4,2,4,2,4,4,4,3,4,4,4,4,4,3,4,3,3,4,4,4,4,4,4,4,4,4,4,4,4,3,3,3,3,3,3,4,4,4,4,4,4,4,4,3,4,4,3,results_5.csv,6328817c90a7f703ded34c91,1.25,1.75,2.5,3.0,3.75
4,4,4,5,4,5,4,4,4,5,4,4,4,4,2,4,4,4,4,4,4,5,4,4,4,4,3,4,4,4,4,5,4,4,5,4,4,4,4,4,4,4,4,3,3,4,4,4,4,4,4,4,4,5,4,4,3,4,4,4,4,4,3,4,4,4,4,4,4,4,4,4,3,3,3,3,3,3,4,4,4,4,4,4,4,4,3,4,4,4,results_5.csv,63f2f1469fb6bfe8a8cef51f,1.0,5.0,2.0,3.75,4.5
4,5,4,5,5,4,4,4,4,4,4,4,4,4,3,4,4,4,5,5,4,4,4,5,4,4,3,4,4,4,5,4,4,4,4,5,4,4,3,4,4,4,4,4,4,4,4,4,4,5,4,4,4,4,4,4,3,4,3,4,4,4,3,4,4,4,4,4,4,4,4,4,3,3,3,4,3,3,4,4,4,4,4,4,4,4,3,4,3,3,results_5.csv,63fcf26a814570a76bcf2237,1.75,3.25,2.5,2.5,5.0
4,4,4,4,4,4,4,4,3,4,4,4,3,4,3,4,4,3,4,4,3,4,4,4,4,4,3,4,4,4,4,4,4,4,4,4,4,4,4,4,4,4,4,3,3,3,4,4,4,4,4,4,4,4,4,4,2,4,3,3,4,4,3,4,4,4,4,4,4,4,4,4,3,3,3,4,3,3,4,4,4,4,4,4,3,4,3,4,3,4,results_5.csv,65bf99712dfa1f05ee0333c8,3.0,3.0,3.5,3.25,4.0
4,4,4,4,4,4,4,4,4,4,4,4,4,4,3,4,4,4,4,4,4,4,4,4,4,4,3,4,4,4,4,4,4,4,4,4,4,4,4,4,4,4,4,4,3,4,4,3,4,4,4,4,4,4,3,4,3,3,3,3,4,4,4,4,4,4,4,4,4,4,4,4,4,4,3,4,3,4,4,4,4,4,4,4,4,4,3,4,4,4,results_5.csv,6647687c4e426658c608e92e,3.25,4.25,4.5,2.25,4.0
4,4,3,4,4,4,4,4,4,4,4,4,3,3,2,3,3,3,4,4,4,4,4,4,3,4,3,4,4,4,4,4,4,4,4,4,4,4,3,4,4,4,3,3,3,4,3,3,4,4,3,4,4,4,3,4,3,3,3,4,4,4,4,4,4,4,4,4,3,4,4,4,3,3,3,4,4,3,4,4,4,4,4,4,4,4,4,4,4,4,results_5.csv,669d6d17eeff48e26e8de5d1,3.5,3.75,3.75,2.5,4.5
2,3,2,3,2,2,4,4,3,3,3,3,2,3,2,2,2,2,4,4,2,4,3,3,2,3,1,3,3,3,3,3,3,4,4,3,4,4,3,4,4,3,2,3,2,3,3,3,3,4,3,4,3,3,2,2,2,2,2,2,3,3,3,4,3,3,3,4,3,3,3,4,3,3,3,3,3,3,4,4,3,4,4,4,3,3,3,3,3,3,results_5.csv,66d5d10f4defd1d7b2cdd5c5,1.5,3.0,4.25,1.75,3.25
4,4,3,4,4,4,4,4,3,4,4,4,3,4,3,4,3,3,4,4,3,4,5,4,4,4,3,4,4,4,5,5,4,4,5,4,4,4,4,4,4,4,4,4,4,4,4,3,4,4,4,5,4,4,4,4,3,4,4,2,4,4,4,4,4,4,4,4,4,4,4,4,3,3,3,3,3,3,4,4,4,4,4,4,4,4,3,4,4,4,results_5.csv,66eb1a41306925cf993d6490,3.0,4.0,3.0,3.25,5.0
4,4,3,4,3,3,4,4,4,4,4,4,3,3,3,3,3,3,4,4,2,4,3,4,4,4,3,4,4,4,4,4,3,4,4,4,4,4,3,4,3,4,3,3,3,3,3,3,4,4,3,4,4,4,3,3,3,3,3,3,4,4,4,4,4,4,4,4,3,4,4,4,3,3,3,3,3,3,4,4,4,4,4,4,3,4,3,4,4,3,results_5.csv,67055b370e3c0c4965a03128,3.0,4.5,3.75,2.0,3.0
4,4,4,5,5,5,4,4,4,4,4,4,4,4,2,4,4,4,4,5,3,5,5,4,4,4,3,4,4,4,4,4,5,5,4,5,4,4,4,4,4,4,4,4,3,4,4,4,4,4,4,4,4,4,4,4,3,4,4,3,3,4,3,4,4,4,4,4,4,4,4,4,3,4,3,3,3,3,4,4,4,4,4,4,3,4,3,4,3,4,results_5.csv,672bb5dadc26d7849dc27b55,3.0,4.5,4.0,2.5,5.0
4,4,3,4,4,4,4,4,3,4,4,4,3,4,3,4,3,3,4,4,3,4,4,4,3,4,3,4,4,4,5,4,5,4,5,4,4,4,4,4,4,4,3,4,3,4,4,4,4,4,4,4,4,4,3,4,2,4,4,3,4,4,4,4,4,4,4,4,4,4,4,4,3,3,3,3,3,3,4,4,4,4,4,4,4,4,4,4,3,4,results_5.csv,672e0b37843f0e09b015f73a,2.5,4.0,2.5,2.5,4.0
3,3,2,3,3,3,3,4,3,3,3,3,2,2,2,3,2,2,3,4,3,3,3,3,3,3,2,3,2,3,3,3,3,4,4,4,3,3,3,3,3,3,2,2,2,2,2,2,3,3,3,3,3,3,2,2,2,2,2,2,4,4,4,3,3,3,3,4,3,4,3,3,2,2,3,3,2,2,3,3,3,4,3,3,3,3,3,3,3,2,results_4.csv,558fff05fdf99b3f7aada357,1.0,2.0,3.75,3.75,2.0
3,3,2,3,3,3,4,4,3,4,3,3,3,2,2,3,4,3,4,4,3,4,4,3,3,4,2,3,4,3,5,4,4,4,4,4,4,4,4,4,4,3,2,4,3,3,4,3,3,4,3,4,4,4,3,4,3,3,4,3,4,4,5,4,3,4,3,4,3,4,4,4,3,3,4,3,3,4,4,4,4,4,4,4,4,3,3,4,4,4,results_4.csv,55d234b45bc5bc0005d9039d,1.5,2.25,3.75,3.5,3.75
4,5,4,4,4,4,4,4,4,4,4,4,4,4,3,4,4,4,4,4,3,4,4,4,4,4,3,5,4,4,5,4,4,5,5,5,4,4,4,4,4,4,4,4,3,4,4,4,4,4,4,4,4,4,4,4,3,4,4,4,5,4,4,5,5,5,4,4,4,4,4,4,4,4,4,4,4,3,4,4,4,4,4,4,5,4,5,4,4,4,results_4.csv,5758948e00ca320007267deb,1.5,4.25,2.75,2.25,5.0
4,4,3,3,4,4,4,4,4,4,4,4,3,4,2,3,2,4,4,4,3,4,4,4,4,4,3,4,4,4,4,4,4,4,4,4,4,4,4,4,4,4,3,4,3,4,4,4,4,4,4,4,4,3,3,3,3,3,4,3,4,4,3,4,4,4,4,4,4,4,4,4,3,4,3,4,4,3,4,4,4,4,4,4,4,4,4,4,4,3,results_4.csv,5c3aba062b75d300019898eb,2.25,4.5,4.0,1.5,4.0
5,4,3,4,4,4,4,4,4,4,4,4,2,4,2,3,3,3,4,4,4,4,4,4,4,4,3,4,4,4,4,4,4,5,4,4,4,4,3,4,4,4,3,4,3,3,4,4,4,4,4,4,4,4,4,4,2,4,3,3,4,4,4,4,4,4,4,4,3,4,4,4,3,3,3,4,4,3,4,4,4,4,4,4,4,4,4,4,4,4,results_4.csv,5e09ffd8fa3d102a583771c1,1.5,4.75,1.5,4.25,4.75
4,4,3,4,4,4,4,4,3,4,4,4,3,3,3,3,3,3,4,4,3,4,4,4,4,4,3,4,3,3,4,4,4,4,4,4,4,4,4,4,4,4,3,3,3,3,3,3,4,4,3,4,4,4,3,3,2,3,3,3,4,4,4,4,4,4,4,4,4,4,4,4,3,3,3,4,3,3,4,4,4,4,4,4,4,4,3,4,4,3,results_4.csv,5eea591930ca5f0ddaa75a7f,3.0,3.0,4.75,2.0,4.25
4,4,5,4,4,4,4,4,3,4,4,4,2,4,2,2,3,3,4,4,4,4,4,4,2,4,2,4,4,4,4,5,5,4,4,5,4,4,4,4,4,4,4,2,2,3,4,4,4,4,3,4,4,4,3,4,2,4,3,4,5,4,4,4,4,4,4,4,4,4,4,4,4,4,3,4,4,4,4,4,4,4,4,4,4,4,3,4,4,4,results_4.csv,62c026818910950fc380e599,1.5,3.5,3.25,4.25,4.5
4,5,2,4,4,5,4,4,3,4,4,4,4,2,2,4,4,4,4,4,4,4,4,5,4,4,4,5,2,4,4,4,4,5,4,5,4,4,3,4,4,4,3,3,3,4,5,4,4,4,3,4,4,4,3,2,3,5,4,4,4,4,4,4,4,4,4,4,3,4,4,4,4,4,4,4,5,3,4,4,4,4,4,4,5,4,4,5,4,4,results_4.csv,641351c9058c0f951d9660ee,2.0,2.5,2.75,1.75,5.0
3,4,3,4,4,4,4,4,4,4,4,4,4,4,2,4,3,4,4,4,3,4,4,3,3,3,3,3,4,3,4,4,3,4,4,4,3,4,4,4,4,4,4,3,3,3,4,3,4,4,3,4,4,4,2,3,3,4,3,3,4,5,3,4,4,4,4,4,3,4,4,3,3,4,3,4,4,3,4,4,4,4,4,4,5,4,3,4,3,3,results_4.csv,65293fa9b73b0edd4fd93b95,4.25,3.5,3.5,1.5,2.75
5,3,3,4,4,4,4,4,4,4,4,4,4,4,3,3,4,3,4,4,2,4,4,4,3,5,2,3,4,4,3,4,4,4,4,5,4,4,4,4,4,4,3,2,2,4,4,3,4,4,4,4,4,4,3,2,3,4,3,2,4,4,5,4,4,4,4,4,3,4,3,4,3,4,3,4,3,4,4,4,4,4,4,4,3,4,2,4,4,4,results_4.csv,6604613c980e905f7748e9c1,2.75,4.75,4.0,2.5,5.0
4,5,4,4,4,4,4,4,3,4,3,4,3,2,2,4,4,3,4,4,4,4,4,4,4,4,4,4,4,4,4,5,4,4,4,4,4,4,3,4,4,4,3,4,3,4,4,4,4,4,4,4,4,4,3,4,3,2,4,3,5,4,4,4,4,4,4,4,4,4,4,3,3,3,3,4,3,3,4,4,4,4,4,4,4,3,4,4,4,4,results_4.csv,66467e6f4c38889f9d043c4b,2.0,4.0,3.0,3.25,4.25
4,4,3,4,4,3,4,4,3,4,4,3,3,4,3,3,3,3,4,4,3,4,4,4,4,4,3,5,4,3,4,4,3,4,4,4,3,4,3,4,4,3,3,3,3,3,3,3,4,4,3,4,4,3,3,3,3,3,3,3,4,4,4,4,4,4,4,4,3,4,4,4,3,4,3,4,3,3,4,4,4,4,4,4,3,4,3,3,3,3,results_4.csv,664a16dadcc9b3525dd04be1,3.75,3.25,2.75,2.5,3.25
4,4,4,4,4,4,4,4,4,4,4,4,4,4,3,4,3,4,4,4,3,4,4,4,4,4,2,4,4,4,5,5,4,5,4,5,4,4,4,4,4,4,3,4,3,4,4,3,4,4,4,4,4,4,4,4,3,4,4,4,5,4,5,4,4,4,4,4,4,4,4,4,4,3,3,4,3,4,4,4,4,4,4,4,4,4,4,5,4,4,results_4.csv,66805f486ae4ada5289839e3,1.0,4.0,4.75,1.75,5.0
4,4,4,4,4,4,4,4,4,4,4,4,4,4,3,4,4,4,4,4,4,4,4,4,4,4,3,4,4,4,4,4,4,4,4,4,4,4,4,4,4,4,3,3,3,4,3,3,4,4,4,4,4,4,3,3,3,3,3,3,4,4,4,4,4,4,4,4,4,4,4,4,3,4,3,3,3,3,4,4,4,4,4,4,4,4,3,4,4,4,results_4.csv,66a933fdb94f29e639165388,3.0,4.0,3.5,2.75,4.0
3,3,3,3,3,4,4,4,3,4,3,2,3,2,1,2,4,2,5,4,2,4,4,3,4,3,2,2,3,2,4,5,4,4,4,4,4,4,3,4,4,3,3,2,2,2,4,2,4,4,4,4,4,3,2,2,3,2,2,4,4,4,4,5,4,4,4,4,3,4,4,3,2,4,3,3,4,3,4,4,4,4,4,4,2,3,4,3,4,3,results_4.csv,66c5433b1c4230c095c6236c,1.75,3.5,5.0,3.25,1.25
4,4,2,5,4,4,4,4,3,4,4,3,2,2,2,4,3,4,4,4,4,4,4,4,4,5,2,4,4,4,5,4,5,5,4,4,4,4,4,4,4,4,3,4,2,3,2,4,4,4,3,4,4,4,4,4,3,5,4,4,5,4,5,4,5,5,4,4,4,4,4,4,4,4,4,5,4,4,4,4,4,4,4,4,5,4,4,4,4,4,results_4.csv,66cbd449c6029aaeeafcb71f,1.75,5.0,2.0,4.25,5.0
4,3,3,4,4,4,4,4,3,4,4,4,4,4,3,4,3,4,4,4,3,4,4,4,4,4,2,4,4,4,4,4,4,4,4,4,4,4,4,4,4,4,3,4,4,4,3,4,4,4,4,4,4,4,3,3,3,3,4,3,3,4,4,5,4,4,4,4,3,4,4,4,3,4,3,3,4,3,4,4,4,4,4,4,3,4,3,4,4,4,results_4.csv,670efc8f27af6732888de1d8,3.5,4.5,3.75,2.75,4.0
4,4,4,4,4,4,4,4,4,4,4,4,4,4,3,4,4,4,4,4,4,4,4,4,4,2,4,4,4,3,4,4,4,4,4,4,4,4,3,4,4,4,4,4,4,4,4,4,4,4,3,4,4,4,4,2,3,4,4,4,4,4,4,4,4,5,4,4,4,4,4,4,4,4,4,4,4,3,4,4,4,4,4,4,4,4,4,4,4,4,results_4.csv,671c102c7e10006dcb5884f3,4.0,4.0,3.5,2.25,4.5
4,4,3,4,4,4,4,4,3,4,4,4,4,4,3,4,4,4,4,4,3,4,4,4,4,4,3,3,4,3,5,4,5,4,4,4,4,4,4,4,4,4,2,4,3,4,4,4,4,4,4,4,4,4,3,3,3,3,3,3,4,4,4,4,4,4,4,4,3,4,4,4,4,3,4,3,3,3,4,4,4,4,4,4,4,4,3,4,4,3,results_1.csv,5a501c26eedc32000141f4f2,2.75,3.75,3.0,3.0,4.0
3,4,3,4,3,4,4,4,4,4,4,4,3,3,2,3,3,3,4,4,4,4,4,4,4,4,3,4,4,4,3,3,3,4,4,3,4,4,4,4,3,4,2,3,3,3,3,3,3,4,3,4,4,3,2,3,2,2,3,3,4,4,4,3,3,3,3,4,3,4,3,3,3,3,3,3,3,3,4,4,3,4,3,4,4,4,3,4,4,4,results_1.csv,60df7dd7029cff41ea8eed9b,1.75,2.0,4.0,2.5,4.75
4,5,4,4,5,4,4,4,2,4,4,4,4,2,3,4,4,4,4,4,4,4,4,4,4,4,4,4,4,4,5,5,5,4,5,5,3,4,4,4,4,4,4,4,4,3,4,4,4,4,4,4,4,4,3,3,3,4,4,4,4,5,4,4,5,4,4,4,4,4,4,4,4,3,4,4,4,3,4,4,4,4,4,4,4,4,3,4,3,4,results_1.csv,6142763db0841a831cf129fc,3.75,4.75,1.75,4.5,4.5
3,5,1,4,3,3,4,5,4,4,4,4,4,2,1,4,2,2,5,4,1,4,4,3,4,4,4,4,4,3,4,5,4,4,4,4,4,4,3,4,4,3,2,3,2,3,3,3,4,4,4,4,4,4,3,3,2,2,3,3,4,5,4,4,4,4,4,4,3,4,3,4,4,3,3,3,3,4,4,4,4,4,4,4,4,4,3,4,4,4,results_1.csv,62cc1f77c32651ff9d35a471,1.0,3.75,4.5,2.75,4.0
4,4,4,4,4,4,4,4,4,4,4,4,4,4,3,3,4,4,4,4,4,4,4,4,4,4,3,4,4,4,4,5,4,5,4,5,4,4,4,4,4,4,4,4,2,4,4,4,4,4,3,4,4,4,3,4,3,2,3,4,4,4,4,4,4,4,4,4,4,4,4,4,4,3,4,3,4,4,4,4,4,4,4,4,4,4,3,3,4,3,results_1.csv,643ab9c7dbf92589bedc45f6,4.5,4.5,4.75,2.0,4.5
4,5,2,3,3,4,4,4,3,5,3,3,3,3,3,3,2,2,4,4,2,4,4,3,3,3,2,3,3,3,3,4,3,3,4,4,4,4,3,4,4,4,4,2,3,3,4,3,4,4,4,4,3,4,3,3,2,3,4,3,3,4,3,4,3,3,4,4,3,4,3,3,3,3,3,3,3,3,4,4,4,4,4,4,4,3,4,3,4,3,results_1.csv,65654bb65a81489784483bf0,1.75,3.25,4.0,2.5,3.25
4,4,4,4,4,4,4,4,4,4,4,4,4,4,4,4,4,4,4,4,4,4,4,4,4,4,3,4,4,4,4,4,4,4,4,4,4,4,4,4,4,4,3,3,3,4,4,3,4,4,4,4,4,4,4,4,3,3,2,4,4,4,4,4,4,4,4,4,4,4,4,4,3,4,3,4,4,4,4,4,4,4,4,4,4,4,3,4,4,4,results_1.csv,65847ecf0896ca006d2c00b7,2.25,4.5,4.0,3.0,4.25
4,4,4,4,4,4,4,4,4,4,4,4,4,4,3,4,3,3,4,4,4,5,4,4,4,4,3,4,4,4,4,4,3,4,5,4,4,4,4,4,4,4,3,4,3,4,4,4,4,4,4,4,4,4,3,4,3,4,3,3,4,4,4,4,4,4,4,4,3,4,4,4,3,3,3,4,4,3,4,4,4,4,4,4,4,4,4,4,4,4,results_1.csv,65c9fbbbd65ef3e220512254,2.25,3.75,4.5,1.75,4.5
4,4,3,4,5,4,4,4,4,4,4,4,3,4,4,4,3,4,4,4,4,3,4,4,3,4,3,4,3,3,4,4,4,4,4,4,4,4,4,4,4,4,3,3,3,3,3,3,4,4,4,4,4,4,4,3,3,3,4,3,4,4,4,4,4,4,4,4,4,4,4,4,3,4,3,3,3,3,4,4,4,4,4,4,4,4,4,3,4,3,results_1.csv,66341ea0271d271dc78c8283,3.0,3.75,4.5,2.25,3.75
4,4,4,4,4,4,3,4,3,3,3,3,2,3,2,3,2,2,4,4,4,4,4,4,3,3,2,3,2,3,4,4,5,4,4,4,4,3,3,4,4,4,3,3,3,3,3,3,4,4,3,4,4,4,2,2,2,3,2,3,4,4,4,4,4,4,4,4,3,4,4,4,4,4,3,4,3,3,4,4,4,4,4,4,3,4,3,4,3,3,results_1.csv,666559e634fffd1ce19ba654,3.25,5.0,2.5,4.75,3.25
3,4,3,4,4,4,5,4,4,5,4,4,4,4,4,3,4,4,4,4,4,4,4,4,4,4,4,4,4,4,4,5,4,4,5,4,4,4,4,4,4,4,4,4,3,3,3,4,4,4,4,4,4,4,3,3,3,4,4,3,5,4,5,4,4,3,4,4,4,4,4,4,4,4,3,3,3,3,4,4,4,4,4,4,4,4,4,4,4,4,results_1.csv,66d351c72e9e567850b4a0c5,2.75,4.75,4.75,2.5,4.25
4,4,3,4,4,4,4,4,4,4,4,4,4,4,3,4,4,4,4,4,3,4,4,4,4,4,3,4,4,4,4,4,4,4,4,4,4,4,4,4,4,4,3,3,3,3,3,4,4,4,4,4,4,4,4,4,3,4,4,4,4,4,4,4,4,4,4,4,3,4,4,4,4,3,3,4,3,4,4,4,4,4,4,4,4,4,4,4,4,4,results_1.csv,66d620579e7ea624a7a63e19,2.5,3.25,3.25,2.5,4.0
3,3,3,3,3,3,4,4,3,4,3,3,3,3,3,3,3,2,4,4,3,4,4,4,3,3,2,3,3,3,3,4,3,3,3,4,4,4,3,4,4,4,3,3,3,3,3,2,4,4,4,4,4,4,2,3,2,3,3,3,3,4,3,4,3,3,4,4,3,4,4,4,3,3,3,3,3,3,4,4,4,4,4,4,3,3,3,3,3,3,results_1.csv,66da38dc1d5b9365584508ca,2.5,3.5,3.5,4.25,3.0
4,5,4,4,4,4,4,5,4,4,4,4,4,4,3,4,4,4,4,4,4,4,4,4,4,5,3,4,4,4,4,5,5,5,4,5,4,4,4,4,4,4,4,4,3,4,4,4,4,4,3,4,4,4,4,4,3,4,4,4,5,4,5,4,5,4,4,4,4,4,4,4,4,4,4,4,4,3,4,4,4,4,4,4,4,4,4,5,4,4,results_1.csv,6701e45404098af5c8916655,2.75,4.25,3.25,2.5,5.0
4,4,4,4,5,5,4,4,4,4,4,4,3,4,3,4,4,3,4,4,4,4,4,4,4,4,4,4,4,4,4,5,4,5,4,4,4,4,4,4,4,4,3,3,3,3,4,3,4,4,3,4,4,4,3,3,3,4,3,4,3,4,4,4,4,4,4,4,4,4,4,3,4,3,3,4,3,4,4,4,4,4,4,4,4,4,4,4,4,4,results_1.csv,670e3a78a9ac8927963103b4,3.0,4.5,4.75,3.25,4.5
4,4,4,4,4,4,4,5,4,5,4,4,4,4,4,4,4,4,4,4,4,4,4,4,4,4,4,4,4,4,5,4,4,5,4,4,4,4,4,4,4,4,4,4,4,4,4,4,4,4,4,4,4,4,3,4,3,4,4,4,4,4,4,4,4,4,4,4,4,4,4,4,3,4,3,4,3,4,4,4,4,4,4,4,4,4,4,4,4,4,results_1.csv,6710f9c43f9a19c42df60bbd,3.5,4.75,5.0,3.5,4.5
4,4,3,4,4,4,4,4,4,4,4,4,3,4,3,4,3,3,4,4,4,4,4,4,3,4,3,4,4,3,4,4,3,4,4,4,4,4,4,4,4,4,3,4,3,3,3,3,4,4,4,4,4,4,3,3,3,3,3,3,4,4,4,4,4,4,4,4,4,4,4,4,3,4,3,4,3,3,4,4,4,4,4,4,3,4,3,4,3,3,results_1.csv,671813a64cc728d09ef7499d,3.5,4.0,4.5,2.75,3.75
4,4,3,4,4,4,4,4,4,4,4,4,4,4,3,4,3,3,4,4,4,4,4,4,4,4,3,4,4,4,4,5,4,4,4,4,4,4,4,4,4,4,4,4,3,4,4,4,4,4,4,4,4,4,3,3,3,4,4,3,4,4,4,5,4,4,4,4,4,4,4,4,4,4,3,4,3,3,4,4,4,4,4,4,4,4,4,4,4,4,results_1.csv,671829a403af514aabbac001,3.25,4.25,4.5,1.75,4.5
4,5,5,5,5,5,4,4,4,4,4,4,4,4,4,4,4,4,4,4,3,4,4,4,4,5,4,5,4,4,3,4,4,4,4,4,4,4,3,4,4,4,4,4,3,4,4,4,4,4,4,4,4,4,4,3,3,4,3,3,4,4,4,4,4,4,3,4,3,4,4,4,4,3,3,4,4,3,4,4,3,4,4,4,4,4,4,4,4,4,results_3.csv,5ca51f05a15cb1001609491f,2.75,3.5,3.75,3.0,4.5
4,5,5,5,5,5,4,4,4,4,4,4,4,4,3,4,4,4,4,4,4,5,4,4,4,4,3,4,4,4,5,4,4,5,4,4,4,4,4,4,4,4,4,4,3,3,4,3,4,4,4,4,4,4,3,4,3,4,3,4,4,4,4,4,4,4,4,4,3,4,4,4,3,3,3,4,4,4,4,4,3,4,4,4,4,4,3,4,4,4,results_3.csv,5f9b96ecd60b7a3d0c62e917,3.0,3.5,4.0,2.0,5.0
3,3,2,3,3,3,4,4,3,3,3,3,3,3,2,3,3,2,4,4,2,4,4,3,2,3,3,3,3,3,3,3,2,3,2,3,3,4,3,3,3,3,3,3,2,2,2,2,4,4,3,4,4,4,3,2,2,3,2,2,3,3,3,3,3,3,3,4,3,4,3,3,3,3,3,3,3,3,4,4,3,4,4,4,3,3,3,3,3,3,results_3.csv,5faead22421a230a0a7c2e8d,3.5,3.25,2.5,4.0,3.5
4,5,4,5,5,5,4,4,4,4,4,4,4,4,4,3,4,4,4,4,3,5,4,4,5,4,4,4,4,4,5,5,5,4,5,5,4,4,4,4,4,4,4,4,4,4,4,4,4,4,4,4,4,4,3,4,3,3,4,4,4,4,4,4,4,4,4,4,3,4,4,4,4,4,3,4,4,3,4,4,4,4,4,4,4,4,4,4,4,4,results_3.csv,60bff9298f56d55c8ecd9adf,1.25,5.0,3.0,4.25,5.0
4,4,4,5,4,4,4,4,4,4,4,4,4,4,3,4,2,3,4,4,4,4,4,4,4,3,2,4,3,4,4,4,4,4,5,4,4,4,3,4,4,4,4,4,4,4,4,4,4,4,4,4,4,4,3,3,3,3,3,4,4,4,4,4,4,4,4,4,3,4,4,4,4,3,3,4,3,3,4,4,4,4,4,4,4,4,3,4,4,4,results_3.csv,61bb392e40db417c1a138dcb,2.25,5.0,4.0,2.5,4.75
5,5,4,5,5,5,4,4,3,4,4,4,4,4,4,4,4,4,4,4,4,4,4,4,4,4,4,4,4,4,4,4,4,4,5,5,3,3,4,3,4,3,2,4,2,4,4,2,4,4,4,4,4,4,2,2,3,4,4,3,4,4,4,4,4,4,4,4,3,4,4,4,3,3,3,4,4,4,4,4,4,4,4,4,4,4,3,4,4,4,results_3.csv,6272ab12b3d9c61d2271db8d,1.25,4.25,2.25,5.0,2.75
4,4,2,4,4,4,3,4,2,4,4,3,2,2,1,2,2,2,5,4,1,4,4,4,3,3,1,4,2,3,5,5,4,5,5,5,3,4,3,4,3,4,2,3,2,2,2,3,4,4,3,4,4,4,3,3,2,3,3,3,4,5,4,4,4,4,4,4,4,4,4,4,4,3,3,4,3,3,4,4,4,4,4,4,4,4,3,4,4,4,results_3.csv,628bde04ff8f3ff78f7108a5,3.25,4.5,4.5,5.0,5.0
3,4,3,3,3,4,4,4,4,5,4,4,3,3,3,3,3,3,3,4,3,4,3,3,4,4,4,4,4,5,4,4,3,4,3,4,4,4,3,4,4,3,3,3,3,3,3,3,3,4,3,4,3,3,3,3,3,3,3,4,3,3,3,4,3,4,4,4,3,3,3,4,3,3,3,3,3,3,4,4,3,4,4,3,3,4,3,3,4,3,results_3.csv,62d86c63e2966588c71b9ff2,3.0,2.0,3.0,1.75,4.0
4,4,3,4,4,4,3,4,3,3,3,3,3,3,2,3,2,2,4,4,2,3,3,3,3,3,2,3,3,3,4,4,4,4,4,4,3,3,3,3,3,3,3,3,3,3,3,3,3,4,3,3,3,3,3,3,3,3,3,3,4,4,4,4,4,4,4,4,4,4,4,4,3,4,3,4,3,3,4,4,4,4,4,4,3,4,3,4,4,4,results_3.csv,6323a90c380df6eb64255d6f,2.25,4.25,3.0,2.25,3.75
5,4,4,5,4,5,4,4,4,4,4,4,4,4,3,4,4,4,4,4,4,4,4,4,5,4,4,5,4,4,5,4,4,4,4,5,4,4,4,4,4,4,4,4,3,4,4,4,4,4,4,4,4,4,3,4,3,4,4,3,4,4,4,4,4,4,4,4,3,4,4,4,3,4,3,3,3,4,4,4,4,4,4,4,4,4,4,4,4,4,results_3.csv,650ee274aa4447ac435b7830,3.25,4.5,3.75,1.5,4.75
4,4,4,4,4,4,4,4,4,3,4,4,4,4,3,4,4,4,4,4,4,5,4,4,4,4,4,4,4,3,3,3,4,4,5,5,4,4,4,4,4,4,4,3,3,4,4,3,4,4,4,4,4,4,4,3,2,3,4,3,3,4,4,4,4,4,4,4,3,4,4,4,4,4,3,4,4,3,4,4,3,4,4,4,4,3,3,4,4,4,results_3.csv,656e0dab178ffccdaa47202e,2.25,3.0,3.0,3.0,3.5
4,4,3,4,4,3,3,4,3,4,3,3,3,3,3,3,3,3,4,4,3,4,4,4,3,3,3,4,3,3,4,4,4,4,4,4,4,4,3,4,4,4,3,3,3,3,3,3,4,4,3,4,3,4,3,3,3,3,3,3,4,4,4,4,4,4,4,3,3,4,3,4,3,3,3,4,3,3,4,4,3,4,4,4,3,4,3,4,3,3,results_3.csv,663ba8cfb0cabd4cfa5bf598,3.0,4.0,3.0,3.25,3.0
4,4,3,4,3,4,3,4,3,3,2,3,2,3,2,2,2,2,4,4,2,4,3,4,2,2,2,3,2,3,4,4,4,4,4,4,3,3,3,3,3,3,2,2,2,2,2,2,4,4,2,4,4,4,2,2,3,3,2,2,4,4,4,4,4,4,4,4,4,4,3,4,3,3,3,3,3,2,4,4,4,4,4,4,3,3,3,3,3,3,results_3.csv,6650fef8bfef3cc5981b43d4,1.0,4.25,2.25,4.75,3.0
4,4,3,4,3,3,4,4,3,4,4,4,4,4,3,4,3,3,4,4,3,4,4,4,4,4,3,4,3,3,4,4,3,4,3,4,4,4,3,4,4,4,3,3,3,4,3,3,4,4,3,4,4,4,3,3,3,3,3,3,4,4,3,4,4,4,4,4,3,4,4,4,4,4,3,4,3,3,4,4,3,4,4,4,4,4,3,4,3,4,results_3.csv,6696cb900298e5e424ddbb00,3.75,3.75,3.0,2.75,3.25
5,5,4,5,4,5,4,4,4,4,4,4,4,4,4,4,4,4,4,4,3,4,4,4,5,4,4,4,4,4,4,4,4,5,4,4,4,4,4,4,3,4,4,4,3,4,4,3,4,4,4,4,4,4,3,2,4,4,4,4,4,4,4,4,4,4,4,4,3,4,4,4,3,4,3,4,4,4,4,4,4,4,4,4,4,4,4,4,4,4,results_3.csv,669a431df516aa06fd2f355e,3.25,3.0,4.25,2.0,4.75
4,4,4,4,4,4,4,4,4,4,4,4,4,4,3,4,3,4,4,4,4,4,4,4,4,4,3,4,4,4,4,5,4,4,4,5,4,4,4,4,4,4,3,3,3,4,4,4,4,4,4,4,4,4,3,3,3,4,3,3,4,4,4,4,4,4,4,4,3,4,4,4,4,4,3,4,3,3,4,4,4,4,4,4,4,4,3,4,4,4,results_3.csv,669d6f9af660ea8da5501b95,2.25,3.25,4.0,3.75,4.0
4,4,4,4,4,4,4,4,4,4,4,4,4,4,3,4,3,4,4,4,3,4,4,4,4,4,3,3,4,4,4,5,4,5,4,4,4,4,4,4,4,4,4,4,3,4,3,3,4,4,4,4,4,4,3,3,2,4,3,3,4,4,4,4,4,4,4,4,3,4,4,4,4,4,3,4,4,3,4,4,4,4,4,4,4,4,4,4,4,4,results_3.csv,66d63342e3a6a27ec626a22b,4.25,5.0,4.5,3.75,3.5
4,4,4,4,4,3,4,5,4,4,4,4,4,4,4,4,4,4,3,4,3,4,4,4,4,3,2,4,4,4,5,5,5,3,3,4,4,4,4,4,4,4,3,4,3,4,4,4,4,4,4,4,4,4,4,4,2,4,4,3,4,4,4,4,4,4,4,4,4,4,4,4,4,3,3,4,4,4,4,4,3,4,4,4,4,4,4,4,4,4,results_3.csv,66eb24d93cf3e118289817f2,3.75,4.25,4.25,1.25,4.0
4,4,3,4,4,4,4,4,3,4,3,3,4,3,3,3,3,3,4,4,3,4,3,3,3,3,3,3,4,3,4,4,3,4,4,3,4,4,3,4,3,4,3,3,3,3,3,4,4,4,3,4,3,3,3,4,2,3,3,2,4,4,4,4,4,4,3,4,4,4,4,4,3,3,3,3,3,3,4,4,3,4,4,4,4,3,3,3,3,4,results_2.csv,5bcbaa10b9ce3200017738ee,3.0,3.25,3.25,2.0,3.25
4,4,2,4,4,4,4,4,3,3,4,3,3,3,2,2,2,2,4,4,3,4,3,4,4,4,2,3,4,2,4,4,3,4,4,4,4,4,4,4,4,4,3,3,3,4,2,3,3,4,3,4,4,4,2,3,2,3,3,3,4,4,4,4,4,4,3,4,3,4,4,4,3,3,3,3,4,3,4,4,4,4,4,4,3,4,3,4,3,3,results_2.csv,5f8b90a4b237f91824a88aeb,1.0,4.5,3.25,1.25,2.25
4,4,3,3,4,3,4,4,4,4,3,4,4,4,3,3,3,3,4,4,3,4,4,4,3,4,3,4,4,3,4,4,3,4,4,4,4,4,3,4,4,4,3,4,3,4,4,3,4,4,3,4,4,4,3,4,3,3,3,3,4,4,3,4,4,4,4,4,3,4,4,4,4,3,3,3,2,3,4,4,4,4,4,4,4,4,3,4,4,4,results_2.csv,601f5a82dc8ed94a9da4461e,3.0,4.0,3.0,2.5,4.0
4,4,4,4,4,4,4,5,4,5,4,4,4,4,4,4,4,4,4,4,4,4,4,4,4,4,4,4,4,4,4,4,4,4,4,4,4,4,4,4,4,4,4,4,3,4,4,4,4,4,4,4,4,4,3,4,3,4,4,3,4,4,4,4,4,4,4,4,4,4,4,4,4,4,4,4,3,3,4,4,4,4,4,4,4,4,4,4,4,4,results_2.csv,6294cced417fa0a733ba14a4,3.75,4.25,4.5,1.5,4.75
4,4,3,4,3,4,4,4,3,4,4,4,3,4,3,4,4,3,4,4,3,4,4,4,4,4,3,4,4,4,4,4,4,4,4,4,4,4,3,4,4,4,3,3,3,4,4,3,4,4,3,4,4,4,3,4,3,4,3,3,4,4,3,4,4,4,4,4,3,4,4,4,4,4,3,4,4,4,4,4,4,4,4,4,4,4,3,4,4,3,results_2.csv,64d53aae0f3f7317f6eb617e,3.75,4.25,2.25,2.75,4.25
4,4,4,4,4,4,4,4,4,4,4,4,4,4,3,4,3,4,4,4,4,4,4,4,4,4,4,4,4,4,5,5,5,5,5,5,4,4,4,4,4,4,4,4,3,4,4,4,4,4,4,4,4,4,4,4,3,4,4,4,5,4,4,5,5,4,4,4,4,4,4,4,4,4,3,4,4,4,4,4,4,4,4,4,4,4,4,4,4,4,results_2.csv,655f8edb8b128e01321fbf88,1.0,4.5,4.75,3.0,4.75
3,3,3,4,3,3,4,4,4,4,3,4,3,3,3,3,3,3,4,4,3,4,4,3,3,4,3,3,4,3,3,4,3,4,3,3,4,4,3,4,3,3,3,3,3,3,3,3,4,4,3,4,3,3,3,3,3,3,3,3,4,4,3,4,3,3,3,4,3,4,3,3,3,3,3,3,3,3,4,4,3,4,4,3,4,3,3,3,3,3,results_2.csv,659fc59d07c3c3971c926eea,3.0,3.25,3.25,3.0,3.0
4,4,3,4,4,4,4,4,4,4,4,4,4,4,3,4,4,4,4,4,4,4,4,4,4,4,3,4,3,4,4,4,3,4,4,4,4,4,3,4,4,4,3,4,3,4,3,4,4,4,3,4,4,4,4,4,2,3,4,4,4,4,3,4,4,4,4,4,3,4,4,4,3,4,3,3,4,3,4,4,4,4,4,4,4,4,3,4,4,3,results_2.csv,65e00891e4c0c8cad9c1583a,2.0,2.75,3.25,2.75,4.75
4,5,4,5,4,4,4,4,3,4,4,4,3,3,2,3,3,2,4,4,4,4,4,4,4,4,3,4,4,4,5,5,5,5,5,5,4,4,4,4,4,4,2,2,3,3,3,3,4,4,4,4,4,4,4,4,3,4,3,3,5,5,5,5,5,5,4,4,4,4,4,4,4,3,3,4,4,4,4,4,4,4,4,4,4,4,4,4,4,4,results_2.csv,66db455debd3438472ba6fc6,1.5,4.25,3.25,4.25,4.5
3,4,3,4,3,4,4,4,3,4,4,4,4,4,3,3,3,3,4,4,3,4,4,4,4,4,3,4,4,4,4,4,3,4,4,3,4,4,4,4,4,4,3,3,3,3,3,3,4,4,4,4,4,4,3,3,3,3,3,4,4,4,3,4,4,3,4,4,4,4,4,4,3,3,3,4,4,3,4,4,4,4,4,4,4,4,3,4,4,3,results_2.csv,66e74799fb757e719ee9fdac,3.0,2.75,4.0,3.25,4.0
3,4,3,4,3,3,4,4,4,4,4,4,3,3,2,3,4,3,4,4,4,4,4,4,3,3,3,4,3,4,3,3,3,4,4,3,3,4,4,4,4,4,3,3,3,3,4,3,4,4,3,4,4,4,2,3,2,3,3,3,4,4,4,4,4,4,4,4,3,4,4,4,3,3,3,3,3,3,4,4,3,4,4,4,3,4,3,4,3,3,results_2.csv,66ecacaae782ea94cd9bfbd8,2.75,3.75,4.0,2.25,3.0
4,4,3,4,4,4,4,4,3,4,4,4,3,2,2,3,3,3,4,4,4,4,4,4,3,4,2,3,4,3,4,4,4,4,4,4,4,4,3,4,4,4,3,3,3,2,3,3,4,4,4,4,4,3,2,3,3,3,2,3,4,4,4,4,4,4,4,4,4,4,4,4,4,3,3,3,3,3,4,4,4,4,4,4,4,4,3,4,4,4,results_2.csv,66eda24f3c1bba4785731fda,1.25,3.75,3.25,4.5,4.0
3,3,3,3,3,3,4,4,3,4,3,3,3,2,3,3,3,2,4,4,3,4,3,3,3,3,2,3,2,3,3,3,3,3,3,3,4,4,3,4,3,3,2,2,2,2,2,2,3,4,3,4,3,3,2,2,2,3,2,3,3,4,3,3,3,3,3,4,3,4,3,3,3,3,3,3,3,3,4,4,3,4,3,3,3,3,3,3,3,3,results_2.csv,66f8522292767238ed42ebbd,1.5,2.25,3.75,1.0,3.25
3,4,2,3,3,3,4,4,4,4,4,4,3,4,2,3,4,3,4,4,3,4,4,4,3,3,3,3,3,3,4,4,3,4,3,4,4,4,3,4,4,4,3,4,3,3,3,3,4,4,3,4,4,4,3,2,2,3,3,2,4,4,3,4,3,3,4,4,4,4,4,4,3,3,3,3,3,3,4,4,4,4,4,4,4,3,3,4,4,3,results_2.csv,6711ee336b91eb0fcf53841f,1.5,3.0,4.5,3.75,3.5
4,4,3,4,4,4,4,4,3,4,4,4,4,4,3,4,4,3,4,4,4,4,4,4,4,4,3,4,4,3,4,4,4,4,4,4,4,4,3,4,4,4,3,3,3,3,3,3,4,4,3,4,4,4,3,3,3,3,3,3,4,4,4,4,4,4,4,4,3,4,4,4,3,3,3,3,3,3,4,4,4,4,4,4,3,3,3,4,3,3,results_2.csv,671328f80c73c9b48c2441ab,3.0,4.0,3.25,2.5,3.25
4,4,4,4,4,4,4,4,4,4,4,4,3,4,3,4,3,4,4,4,3,4,3,4,3,4,3,4,4,4,4,4,3,4,4,4,4,4,4,4,4,4,3,4,3,3,4,4,4,4,3,4,4,4,3,4,3,4,3,3,4,4,4,4,4,4,4,4,4,4,4,4,4,4,2,3,4,3,4,4,4,4,4,4,4,4,4,4,4,3,results_2.csv,671e816138698f35a4e2e4ed,3.0,4.5,4.5,2.75,4.25
3,4,3,4,4,3,4,4,4,4,4,4,3,4,3,3,4,4,4,4,4,4,4,4,4,4,4,4,4,4,4,4,3,4,3,4,4,4,3,4,4,4,3,3,3,3,3,4,4,4,4,4,4,4,3,3,2,3,4,3,4,4,3,4,4,4,4,4,4,4,4,4,3,3,3,3,3,3,4,4,4,4,4,4,4,4,3,4,3,4,results_2.csv,672bf6a8b306f66878d7d5ff,2.0,2.0,4.75,1.5,4.0
4,4,3,4,4,3,4,4,4,4,4,4,3,3,3,3,4,3,4,4,4,4,3,4,4,4,3,3,4,3,4,4,3,3,4,4,4,4,3,4,3,4,3,4,3,4,3,3,4,4,4,4,3,4,2,3,3,4,3,2,4,4,3,4,4,4,4,4,3,4,4,4,4,3,3,3,3,3,4,4,3,4,4,4,4,4,3,4,4,4,results_2.csv,672e9d3cc7e03f3429b170a1,1.75,3.0,3.75,2.5,3.75
4,4,3,4,4,4,4,4,4,4,4,4,3,4,3,4,3,3,4,4,2,4,4,4,4,4,4,4,4,4,4,4,4,4,5,4,4,4,4,4,4,4,3,3,2,3,4,4,4,4,3,4,4,3,3,4,3,3,4,4,4,4,4,4,4,4,4,4,4,4,4,4,3,3,3,3,3,3,4,4,4,4,4,4,3,4,3,4,4,3,results_14.csv,58a53fd327c3bb00014e74e2,2.0,3.0,1.25,3.0,5.0
3,4,2,4,4,3,4,4,3,4,3,3,2,3,2,3,2,2,4,4,2,4,3,3,3,3,1,3,2,2,4,4,4,4,4,4,4,4,3,4,4,3,3,3,3,3,3,2,3,4,3,4,3,4,2,3,2,3,3,3,4,4,3,4,4,4,4,4,3,4,4,4,3,3,3,3,3,3,4,4,3,4,4,4,4,4,3,3,3,3,results_14.csv,604b93f6432ad99bcb4798e8,1.0,4.0,4.25,3.0,3.5
4,4,3,4,4,4,4,4,4,4,4,4,3,4,3,4,4,4,4,4,3,4,4,4,3,4,4,4,4,4,4,4,3,4,4,4,4,4,4,4,4,4,3,3,3,3,3,3,4,4,4,4,4,4,3,3,2,3,4,3,4,4,4,4,4,4,4,4,4,4,4,4,3,3,3,3,3,3,4,4,4,4,4,4,4,4,3,4,4,4,results_14.csv,6290c86b4ab0f2fbb7599ac0,2.0,3.0,4.25,2.0,3.75
4,4,3,4,4,4,4,4,4,4,4,4,3,3,2,3,3,3,4,4,3,4,4,4,3,3,2,2,2,3,4,4,3,4,4,4,4,4,4,4,4,4,2,3,2,3,3,3,4,4,3,3,3,3,2,3,2,3,2,3,4,4,4,4,4,4,4,4,4,4,4,4,3,3,3,3,3,3,4,4,4,4,4,4,4,4,3,4,4,4,results_14.csv,63d166a9490e0960e4a3a400,3.5,4.0,4.5,3.25,4.75
4,3,2,4,4,4,4,4,3,5,4,4,3,2,2,3,3,4,4,4,3,4,3,4,4,4,2,4,4,4,4,4,2,5,4,4,4,4,3,4,3,3,3,3,3,3,3,3,4,4,3,4,4,3,2,2,3,3,2,3,4,4,4,4,4,4,3,4,3,4,4,4,3,3,3,3,3,2,4,4,4,4,4,4,3,3,3,3,3,3,results_14.csv,63d3fac5cefbcf3878ef6be4,2.0,3.25,3.75,1.5,2.5
4,4,3,4,4,4,4,4,3,4,3,4,4,3,3,4,3,3,4,4,3,4,4,4,3,4,3,4,3,3,4,4,4,4,4,4,4,4,3,4,4,4,3,3,3,3,3,3,4,4,4,4,3,4,3,3,3,3,3,3,4,4,4,4,4,4,4,4,4,4,4,4,3,4,3,4,3,3,4,4,4,4,4,4,4,4,3,4,4,3,results_14.csv,6533ed4d1f4d40995d982559,2.0,4.25,3.25,3.0,3.75
4,4,4,4,4,4,4,4,3,4,3,3,2,3,2,3,3,2,4,4,3,4,4,4,4,4,2,4,4,4,4,4,4,4,4,4,4,4,3,4,4,4,2,3,3,3,3,3,4,4,4,4,4,4,2,3,3,3,3,3,4,4,4,4,4,4,4,4,3,4,4,4,3,4,3,4,3,3,4,4,4,4,4,4,4,4,3,4,4,3,results_14.csv,654939d4e23dcdbb14d95661,2.25,4.5,4.25,2.0,3.75
4,4,3,4,4,4,4,4,3,4,4,4,3,4,3,4,3,4,4,4,4,4,4,4,4,4,3,4,4,4,4,4,4,4,4,4,4,4,3,4,4,4,3,3,3,3,3,3,4,4,3,4,4,4,3,3,3,4,3,3,4,4,4,4,4,4,4,4,4,4,4,4,3,3,3,4,3,3,4,4,4,4,4,4,4,4,3,4,4,4,results_14.csv,657dd710c7afa87088647ea7,2.5,3.0,3.5,2.0,4.0
3,4,2,3,3,2,4,4,3,4,4,4,2,2,2,2,2,2,4,4,2,4,4,4,3,3,2,3,2,2,4,4,3,4,3,4,4,4,3,4,4,4,3,3,2,3,2,2,4,4,4,4,4,4,2,3,2,2,2,2,4,4,3,4,3,3,4,4,3,4,4,4,3,3,3,3,3,3,4,4,4,4,4,4,3,3,3,3,3,3,results_14.csv,65ff0f25be498d4a99159934,1.75,3.75,4.75,3.0,2.5
3,2,3,4,3,3,3,4,2,3,4,4,3,3,2,3,2,2,4,4,2,4,4,4,4,4,1,2,3,2,4,4,4,4,4,4,4,4,4,4,4,4,3,4,2,3,3,3,4,4,4,4,4,4,3,4,2,4,3,3,4,4,4,4,4,4,4,4,4,4,4,4,3,3,3,3,3,4,4,4,4,4,4,4,3,4,3,4,4,4,results_14.csv,66059f112a799642519f8e87,3.5,3.25,4.5,2.5,5.0
4,4,3,4,4,4,5,4,4,4,4,4,4,4,2,3,3,4,4,4,3,4,4,4,4,4,3,4,4,3,4,4,3,4,4,4,4,4,4,4,4,4,3,3,2,3,3,3,4,4,3,4,4,4,3,4,2,4,3,4,4,4,4,4,4,4,4,4,4,4,4,4,3,4,3,3,3,3,4,4,4,4,4,4,3,4,3,4,4,4,results_14.csv,661770012a3c83b4bdaff645,3.0,4.0,4.5,1.5,5.0
3,3,2,3,3,2,4,4,3,4,4,4,2,3,2,2,2,2,4,4,2,4,4,4,2,3,2,3,2,3,3,4,3,3,3,3,4,4,3,4,4,4,3,3,3,2,2,2,4,4,3,4,3,4,2,2,2,2,2,2,3,3,3,4,3,3,4,4,3,4,3,4,3,3,3,3,3,3,4,4,4,4,3,4,3,3,3,3,3,3,results_14.csv,662190146ef67bab626e48cb,2.5,2.75,4.0,1.75,3.0
4,4,3,4,3,3,4,4,4,4,4,4,3,3,3,3,3,3,4,4,4,4,4,4,3,4,3,3,3,3,4,4,2,4,4,3,4,4,4,4,4,4,3,3,2,2,2,3,4,4,4,4,4,4,2,2,2,3,2,3,3,4,3,4,3,4,4,4,3,4,3,3,3,3,2,3,3,3,4,4,4,4,4,4,3,3,3,3,3,3,results_14.csv,66293cc1dcfaa310dd0f711b,3.0,3.0,4.75,3.0,2.0
4,3,3,3,3,3,4,4,3,4,3,3,2,3,2,3,2,3,4,4,3,4,4,4,3,3,3,3,3,3,3,4,3,4,4,4,4,4,3,4,3,4,2,3,3,3,3,3,4,4,4,4,4,4,3,3,3,3,3,3,3,4,3,3,3,4,3,4,3,4,3,4,3,4,3,4,3,3,4,4,4,4,4,4,3,3,3,4,3,3,results_14.csv,6643a8837540ee80f2d5be45,4.25,4.0,3.25,1.75,3.5
4,4,2,4,4,4,3,3,2,4,4,4,3,3,2,3,2,3,4,4,2,4,3,2,4,4,2,4,4,4,4,4,3,4,4,4,4,4,3,4,4,4,3,3,2,3,3,3,4,3,4,4,4,4,3,3,2,3,3,3,4,4,4,4,4,4,4,4,4,4,4,4,4,3,3,3,3,3,4,4,4,4,4,4,4,4,3,4,4,3,results_14.csv,6648acc2d8f61a601c3a37ac,2.25,4.0,4.5,1.0,3.75
3,4,3,4,3,3,4,4,4,4,3,4,3,3,2,3,2,3,4,4,3,4,4,4,2,4,2,3,3,4,4,3,4,4,4,3,4,3,3,4,3,4,2,3,2,3,3,2,4,4,3,4,2,4,2,2,2,2,2,2,4,4,4,4,4,4,4,4,4,4,4,4,3,3,3,3,3,3,4,4,4,4,4,4,4,4,3,4,4,4,results_14.csv,66c0df311f98d7c9661669d9,1.75,3.75,2.25,4.5,2.75
3,3,2,4,3,3,4,3,4,4,4,4,3,4,3,4,4,3,4,4,3,4,4,4,3,4,3,3,4,4,4,4,4,4,4,4,3,4,3,4,4,4,3,3,2,3,2,2,4,4,3,4,4,4,2,2,2,2,2,4,4,4,4,4,4,4,4,4,4,4,4,4,3,3,3,4,3,3,4,4,4,4,4,4,4,4,3,4,4,4,results_14.csv,66d3fb9b94a257d229194188,3.75,5.0,3.0,4.25,2.5
4,4,3,4,4,4,4,4,4,4,4,4,3,4,3,4,4,3,4,4,2,4,4,4,3,4,4,4,4,4,3,4,4,4,4,4,4,4,3,4,4,4,3,3,3,3,2,2,4,4,4,4,3,4,3,2,2,3,2,2,4,4,4,4,4,4,4,4,4,4,4,4,3,3,3,3,3,3,4,4,4,4,4,4,4,4,3,4,4,4,results_14.csv,67000ed3ffa3938b2cc81087,1.5,3.5,5.0,2.5,4.25
4,4,3,4,4,4,4,4,4,4,4,4,3,4,3,4,3,4,4,5,3,4,4,4,3,4,2,4,4,4,3,4,3,4,3,4,4,4,3,4,4,4,3,3,2,3,3,4,4,4,4,4,4,4,3,4,2,4,3,3,4,4,4,4,4,4,4,4,4,4,4,4,3,3,3,3,3,3,4,4,4,4,4,4,4,4,3,4,4,4,results_14.csv,6712b53345c966536d238e89,3.75,4.0,4.75,2.0,5.0
4,4,4,4,4,4,4,4,4,4,4,4,4,4,3,4,4,4,4,4,4,4,4,4,4,4,4,4,4,4,4,4,4,4,4,4,4,4,4,4,4,4,4,4,3,4,3,4,4,4,4,3,4,4,4,4,3,4,3,4,4,4,4,4,3,4,4,4,3,4,4,4,3,4,3,4,4,3,4,4,4,4,4,4,4,4,4,4,4,4,results_15.csv,53987712fdf99b68e3a45021,2.0,4.25,3.25,2.5,4.0
4,4,4,4,4,4,4,4,3,4,4,3,3,4,3,4,4,3,4,4,3,4,4,4,3,3,3,4,3,3,4,4,4,4,4,4,4,4,3,4,4,4,3,3,3,4,3,3,4,4,4,4,4,4,3,3,3,4,3,3,4,4,4,4,4,4,4,4,4,4,4,4,3,4,3,4,3,3,4,4,3,4,4,4,3,4,3,4,4,4,results_15.csv,5a91756d6475f900019f90f1,3.5,4.5,3.75,2.25,3.75
4,4,3,4,4,4,4,4,3,4,4,4,4,4,3,4,4,3,4,4,3,4,4,4,4,4,3,4,3,4,4,4,3,4,4,4,4,4,4,4,4,4,3,4,3,3,4,3,4,4,4,4,4,4,4,4,3,3,3,3,4,4,4,4,4,4,4,4,4,4,4,4,3,4,4,4,4,3,4,4,4,4,4,4,4,4,3,4,4,3,results_15.csv,5ade0203066c510001d42abf,3.75,4.0,3.5,3.0,4.75
2,3,2,3,2,2,4,4,3,4,4,3,2,2,2,3,2,2,4,4,2,4,3,4,3,3,2,3,2,3,3,3,3,3,3,2,4,4,3,4,4,3,2,3,3,3,2,2,4,4,3,4,3,4,2,2,2,2,2,2,3,3,2,3,3,3,4,4,3,4,4,4,3,3,2,3,3,2,4,4,3,4,3,4,3,3,3,3,3,3,results_15.csv,5e076480c4e1550e2114f006,1.5,2.0,4.75,3.0,3.5
4,4,2,4,3,2,4,5,4,5,4,4,2,3,2,2,2,3,4,4,3,5,4,4,3,3,2,4,3,2,4,4,4,4,4,4,4,4,4,4,4,4,3,3,2,2,2,2,4,4,4,4,4,4,2,2,2,3,2,2,4,4,4,4,3,4,4,4,4,4,4,4,3,4,3,3,3,3,4,4,4,4,4,4,3,4,3,4,3,3,results_15.csv,5e121701dc79bd8a1a22ca99,2.5,5.0,5.0,1.25,2.0
4,4,4,4,4,4,4,4,3,4,3,3,2,2,2,2,2,2,4,4,2,4,4,3,3,3,2,3,2,3,4,4,4,4,4,4,4,4,4,4,4,4,2,2,2,2,2,2,4,4,4,4,3,4,2,2,2,3,2,2,4,4,4,4,4,4,4,4,4,4,4,4,3,3,3,3,2,3,4,4,4,4,4,4,3,4,3,4,3,3,results_15.csv,5ef4d8b87faaa00c0dea0c4e,1.0,4.0,4.0,1.0,2.0
4,4,2,4,3,4,4,4,4,4,4,4,3,4,2,3,3,3,4,4,3,4,4,4,4,4,3,3,4,4,4,4,3,3,4,4,4,4,4,4,4,4,3,3,3,3,3,3,4,4,3,4,4,4,3,3,2,3,2,3,4,4,3,3,4,3,4,4,3,4,4,4,3,3,3,3,3,3,4,4,3,4,4,4,4,4,3,4,4,4,results_15.csv,60e5cb4ca01a593fce9a379d,2.0,3.0,4.0,1.5,4.0
3,3,2,3,3,3,4,3,3,4,3,3,3,3,2,3,2,3,3,3,3,3,3,3,3,3,2,3,3,3,3,3,3,3,3,3,3,3,3,3,3,3,3,3,3,3,3,3,3,3,3,3,3,3,3,3,3,3,2,3,3,3,3,4,3,3,3,4,3,3,3,3,3,3,2,3,3,3,3,3,3,4,3,3,3,3,3,3,3,3,results_15.csv,60f1faa39def9e1f15734734,1.5,2.5,3.0,2.5,3.5
4,4,2,4,3,4,4,4,4,4,4,4,2,3,2,2,3,3,4,4,3,4,4,4,3,4,3,3,4,3,4,4,4,4,4,4,4,4,4,4,4,4,2,3,2,3,3,2,4,4,1,4,4,4,2,3,2,2,2,3,4,4,3,4,4,4,4,4,4,4,4,4,3,3,3,3,3,3,3,4,4,4,4,4,3,4,3,4,3,4,results_15.csv,628d14b52b5bd1d83ed1f7d2,1.75,2.5,5.0,4.5,4.5
4,4,2,4,4,4,5,4,3,4,4,4,3,3,2,2,4,3,4,4,2,4,4,4,4,4,3,4,4,4,4,5,3,4,4,3,4,3,3,4,4,4,3,3,2,2,4,3,4,4,3,4,3,4,2,3,2,2,4,3,3,3,2,4,4,4,4,4,3,4,4,4,3,3,3,3,3,3,4,4,3,4,3,4,4,4,3,4,4,4,results_15.csv,6517301b6d21d25e19c7e501,1.75,3.0,3.5,2.5,5.0
4,4,2,4,4,4,4,4,2,4,3,4,3,3,2,2,2,2,4,4,2,4,4,4,3,3,2,3,2,3,4,4,4,4,4,4,4,4,3,4,4,3,2,3,3,3,3,3,4,4,4,4,4,4,2,2,3,3,2,3,4,4,4,4,4,4,4,4,4,4,4,4,3,4,3,4,3,3,4,4,4,4,4,4,3,4,3,3,3,3,results_15.csv,652d8a4cd08c6435db58fd9b,3.5,5.0,4.75,4.0,2.75
4,5,4,5,4,4,4,4,4,4,4,4,3,4,3,4,4,3,4,4,3,4,4,4,4,4,3,5,4,4,5,5,5,5,5,5,4,4,4,4,4,4,3,4,3,3,4,3,4,4,4,4,4,4,3,4,3,4,3,4,5,5,5,5,5,5,4,4,4,4,4,4,4,4,4,4,4,4,4,4,4,4,4,4,4,4,4,4,4,4,results_15.csv,662939c49821886e0246c494,3.0,4.75,3.25,3.25,5.0
4,4,3,4,4,4,4,4,4,4,4,4,3,3,3,3,3,3,4,4,4,4,4,4,3,4,3,4,4,4,4,4,4,5,4,4,4,4,4,4,4,4,3,3,3,3,3,3,4,4,4,4,4,4,3,3,2,4,3,4,4,4,4,4,4,4,4,4,4,4,4,4,3,3,3,3,3,3,4,4,3,4,4,4,4,4,3,4,4,4,results_15.csv,6648becccd1bf5a6e253577b,1.0,3.0,5.0,1.75,4.25
2,3,2,2,2,2,4,4,3,4,4,2,2,3,2,2,2,2,4,4,3,4,2,3,3,2,2,4,2,2,4,4,3,4,3,3,4,4,3,4,3,4,2,3,2,3,2,2,4,4,3,4,3,4,2,2,1,2,2,3,3,3,3,4,3,3,4,4,3,4,3,3,2,3,2,3,2,3,4,4,4,4,4,4,2,3,2,2,2,2,results_15.csv,66546836a834424c51b369f7,2.0,4.25,4.75,3.0,1.75
3,3,2,3,2,3,4,4,3,4,3,4,2,2,2,2,2,2,4,4,2,4,4,4,2,3,2,3,2,2,2,4,3,3,3,2,4,4,4,4,4,3,2,2,2,3,2,2,4,4,3,4,3,3,2,2,2,2,2,2,3,3,3,3,3,3,4,4,3,4,4,4,3,3,2,3,2,2,4,4,4,4,4,4,2,3,2,3,3,2,results_15.csv,66d7b253c64eb18aa549d79c,2.25,3.25,4.25,2.25,2.75
3,4,3,3,4,4,4,4,3,4,4,4,2,4,2,3,4,3,4,4,3,3,4,4,4,4,3,4,4,4,4,4,3,4,4,4,4,4,3,4,4,4,3,3,3,3,3,3,3,4,3,4,4,4,2,3,2,3,2,4,4,4,3,4,4,4,4,4,3,4,4,4,3,3,3,3,3,3,4,4,3,4,3,3,4,4,3,4,4,4,results_15.csv,67055efcc9d6595c24d60bb5,2.5,3.25,2.25,3.5,4.5
4,4,3,4,4,4,4,4,4,5,4,4,4,3,2,3,3,3,4,4,4,4,4,4,4,4,3,4,4,4,4,4,4,4,4,4,4,4,4,4,4,4,3,4,3,3,3,3,4,4,4,4,4,4,3,3,2,3,3,3,4,4,4,4,4,4,4,4,4,4,4,4,3,3,3,4,3,3,4,4,4,4,4,4,4,4,3,4,4,4,results_15.csv,6713eeea64ca1fb59cbcbce4,1.5,3.75,4.75,1.25,4.25
4,4,3,4,4,4,4,4,3,4,4,4,3,3,3,4,3,3,4,4,3,4,4,4,4,4,3,4,4,4,4,4,4,4,4,4,4,4,3,4,4,4,3,4,3,3,3,4,4,4,4,4,4,4,3,4,3,4,3,3,4,4,4,4,4,4,4,4,4,4,4,4,3,4,3,4,3,3,4,4,3,4,4,4,4,4,3,4,4,4,results_15.csv,671fa6442e7c5e8e44e90b69,3.0,3.75,4.25,2.5,4.0
4,4,4,4,4,4,4,4,4,4,4,4,3,4,3,3,4,4,4,4,3,4,4,4,4,4,4,4,4,4,4,4,5,5,4,4,4,4,4,4,4,4,3,4,3,4,3,3,4,4,4,4,4,4,4,4,3,4,4,4,4,4,4,4,4,4,4,4,4,4,4,4,3,3,3,4,4,4,4,4,4,4,4,4,4,4,4,4,4,4,results_15.csv,6722a197cc0c3f9ed2aa5110,2.0,4.5,3.0,2.0,4.75
4,4,3,4,5,4,4,4,4,4,5,4,4,4,4,5,4,4,4,4,3,4,4,4,4,4,3,4,4,4,4,4,3,4,5,4,4,4,3,4,4,4,3,3,3,4,4,4,4,4,3,4,4,4,4,3,3,3,3,4,4,4,4,4,4,4,4,4,4,4,4,4,3,4,3,4,3,3,4,4,4,4,4,4,4,4,3,4,4,4,results_17.csv,558acd52fdf99b65685f03d9,3.0,4.75,2.5,2.5,5.0
4,4,4,4,4,4,4,4,4,4,4,4,4,4,3,4,4,4,4,4,4,5,4,4,4,4,3,4,4,4,4,5,4,5,5,5,4,5,4,4,4,4,4,4,3,4,4,4,4,5,4,5,4,4,4,4,3,4,3,3,5,5,5,5,5,5,4,5,4,4,4,4,4,4,4,4,4,4,4,4,4,4,4,4,4,4,4,4,4,4,results_17.csv,59c86f966a287600011c393e,2.0,4.0,3.25,2.25,4.25
4,4,4,4,4,4,4,4,4,4,4,4,4,4,3,4,4,4,4,4,4,5,4,4,4,4,3,4,4,4,4,5,5,5,4,5,4,4,4,4,4,4,4,4,4,4,4,3,4,5,4,4,4,4,4,4,3,4,3,3,5,5,4,5,5,5,4,5,4,4,4,4,4,4,4,4,4,4,4,4,4,4,4,4,4,4,4,4,4,4,results_17.csv,5cea73210b20970001acee5f,3.75,5.0,4.0,3.0,4.75
5,5,4,4,4,4,4,5,3,4,4,4,3,4,3,4,4,3,4,4,3,4,4,4,4,4,3,5,4,4,4,4,4,4,4,4,4,4,3,4,4,4,3,3,3,4,3,4,4,4,3,4,4,4,4,3,2,4,3,4,4,4,4,4,4,4,4,4,4,4,4,4,3,4,3,4,3,4,4,4,4,4,4,4,4,4,3,4,4,4,results_17.csv,5f888f1504ea37030833e9ec,3.25,5.0,5.0,1.0,5.0
4,4,2,4,4,4,4,4,2,4,2,4,2,2,2,4,3,3,3,4,2,5,4,5,4,3,2,3,4,3,5,5,4,5,5,5,4,4,4,4,4,4,4,3,2,4,4,4,3,5,4,4,4,4,3,4,3,4,2,4,5,5,5,5,5,4,4,4,4,4,5,4,4,4,3,4,4,4,4,4,4,4,4,4,4,4,4,4,4,4,results_17.csv,5fcaf5287f61677cb1fcf57e,4.75,4.25,3.75,3.25,3.0
3,4,3,4,4,4,4,4,3,4,4,4,4,4,3,4,4,4,4,4,3,4,4,4,4,5,3,4,4,4,4,4,4,5,4,5,4,4,3,4,4,4,4,3,3,4,4,4,4,4,3,4,4,4,3,3,3,4,3,4,4,4,4,4,4,4,4,4,4,4,4,4,3,4,3,4,3,3,4,4,4,4,4,4,4,4,3,4,4,4,results_17.csv,62a96f8f6ab7e0c3ce90095f,2.5,3.5,4.25,1.5,4.75
4,4,3,4,4,4,4,4,2,4,3,4,4,4,2,2,2,2,3,4,4,4,3,4,4,4,3,4,3,3,5,5,4,5,5,5,4,4,3,4,4,4,4,4,4,4,3,2,4,5,5,3,4,4,3,3,2,3,3,4,5,5,5,5,5,5,4,5,4,4,4,4,4,4,3,4,4,4,4,4,4,4,4,4,4,4,4,4,4,4,results_17.csv,631275e35e145fd8341acb9d,3.5,2.75,2.25,2.75,3.25
4,4,4,4,4,4,4,4,4,4,4,4,4,4,3,4,4,3,4,4,4,5,4,4,4,4,3,4,4,4,5,5,4,4,4,5,4,5,3,4,5,4,4,4,3,3,3,4,5,4,4,4,4,5,4,4,3,4,3,4,5,5,5,5,5,5,4,5,4,4,4,4,4,4,4,4,4,4,4,4,4,5,4,4,4,4,4,4,4,4,results_17.csv,63b6c18f4f13282703357493,3.25,4.5,5.0,2.0,4.75
4,4,3,4,4,4,4,4,4,4,4,3,2,4,3,3,2,2,3,5,3,5,4,4,4,4,3,3,4,3,5,5,4,5,5,5,4,5,3,4,4,4,4,4,3,3,4,4,4,5,4,5,3,4,3,4,3,4,3,4,5,5,5,5,5,5,5,5,4,5,5,4,4,4,4,4,4,4,4,4,4,4,4,4,4,4,4,4,4,4,results_17.csv,63bc87f783afb5aed2c937d2,4.0,4.25,4.25,3.75,4.25
4,4,4,4,4,4,4,4,4,4,4,4,4,4,3,4,3,4,4,4,4,5,4,4,4,4,3,4,4,4,4,5,4,5,4,5,4,5,3,4,4,4,4,3,3,4,4,4,3,5,4,5,3,4,3,4,4,3,4,4,5,5,5,5,5,5,4,5,4,5,4,4,4,4,4,4,4,4,4,4,4,4,4,4,4,4,4,4,4,4,results_17.csv,653bbf7e04cc8d9994f1f252,4.75,4.25,5.0,1.5,4.75
4,4,3,4,4,4,4,4,4,4,4,5,4,4,3,4,4,3,4,4,4,4,4,4,4,4,3,4,4,4,4,4,4,5,4,4,4,4,4,4,4,4,3,4,3,4,4,4,4,4,3,4,4,4,3,3,3,4,3,4,4,4,4,4,4,4,4,4,4,4,4,4,4,3,3,4,4,3,4,4,4,4,4,4,4,4,4,4,4,4,results_17.csv,656b6e1fe07ae01094b87cda,3.25,4.0,4.25,2.75,4.5
4,4,4,4,4,4,4,4,4,4,4,4,4,4,3,4,4,4,4,5,4,5,5,4,4,4,3,4,4,4,5,5,3,5,4,5,4,4,4,4,5,3,4,2,2,3,4,3,4,5,4,4,4,4,4,4,3,3,4,4,5,5,5,5,5,5,4,4,4,4,4,4,4,4,3,4,4,4,4,4,4,5,4,4,4,4,4,4,4,4,results_17.csv,65f52dc88f9ee4e035af2fff,3.75,3.0,3.5,3.25,4.0
4,4,3,4,4,4,4,4,3,4,3,3,3,4,2,4,5,3,4,4,3,4,4,4,4,4,3,4,4,4,4,4,4,4,4,4,4,4,3,4,4,3,4,4,3,4,4,4,4,4,3,4,4,4,4,3,2,4,3,4,4,4,4,4,4,4,4,4,4,4,4,4,3,4,3,4,4,3,4,4,4,4,4,4,4,4,3,4,4,4,results_17.csv,666a36bbca7c66fe603e3588,3.0,3.25,3.75,2.5,4.0
4,4,4,4,4,4,4,4,4,4,4,4,4,4,3,4,4,4,4,4,3,4,4,5,4,4,3,4,4,3,5,4,4,5,5,4,4,5,4,5,4,4,4,4,3,4,3,4,4,5,4,5,4,4,4,4,3,4,4,4,5,5,5,5,5,5,4,4,4,4,4,4,4,4,3,4,4,4,4,5,4,4,4,5,4,4,4,4,4,4,results_17.csv,668dc9c9cb393e15f3baf53e,3.75,5.0,4.75,3.0,4.25
4,4,2,4,4,4,4,4,3,4,4,4,3,4,2,4,4,3,4,4,3,4,4,4,4,4,3,4,4,4,4,4,3,4,4,4,4,4,3,4,4,4,4,3,3,4,4,3,3,4,3,4,4,4,4,3,3,3,3,4,4,4,4,4,4,4,4,4,4,4,4,4,4,3,3,4,4,3,4,4,4,4,4,4,4,4,4,4,4,4,results_17.csv,668f9d85aafbc520c57fff38,2.25,4.0,4.5,2.0,4.5
4,4,3,4,4,4,4,4,3,4,4,4,3,4,2,4,4,4,4,4,2,4,4,4,4,4,3,4,4,4,4,4,3,4,4,4,4,4,3,4,4,4,4,3,3,4,4,3,4,4,3,4,4,4,3,3,3,4,4,4,4,4,4,4,4,4,4,4,4,4,4,4,4,4,3,4,4,3,4,4,4,4,4,4,4,4,3,4,4,4,results_17.csv,66935662e0a8b35901c8664c,4.0,3.75,3.75,2.0,3.0
4,4,4,4,4,4,4,4,4,4,4,4,4,4,3,4,3,4,4,4,4,4,4,4,4,4,3,4,4,4,5,5,4,5,5,5,3,4,4,4,4,4,4,4,3,3,4,3,4,4,4,5,4,4,3,4,3,4,4,3,5,5,4,5,5,5,4,4,4,4,4,4,4,4,4,4,4,4,4,4,4,4,4,4,4,4,4,4,4,4,results_17.csv,66a0172986186ec228714d51,3.5,3.0,4.0,3.0,3.0
4,5,4,5,5,4,4,4,2,4,5,5,4,4,3,4,4,4,4,4,4,4,4,4,2,4,3,4,4,3,4,5,5,4,4,4,4,4,4,4,4,4,3,4,3,4,4,4,4,4,4,4,3,4,3,3,3,3,3,4,5,5,5,5,5,5,4,4,4,4,4,4,4,4,3,4,4,4,4,4,4,5,4,4,4,4,4,4,4,4,results_17.csv,66a0302eb014e06ead5559c3,3.0,3.5,3.25,2.5,4.0
4,4,3,4,4,4,4,4,4,5,5,5,4,4,3,4,4,4,4,4,3,5,4,4,4,4,3,4,4,4,4,5,4,4,4,4,4,4,3,4,4,4,3,3,3,4,4,3,4,3,3,4,4,4,4,3,3,3,3,4,4,4,4,4,4,4,4,4,4,4,4,4,3,3,3,4,4,3,4,4,4,4,4,4,4,4,3,4,4,4,results_17.csv,66b91ee649636fce844ef133,4.0,4.5,4.25,1.75,4.25
2,3,2,2,3,3,5,5,4,4,4,3,2,2,1,2,2,2,4,4,2,3,4,4,4,4,4,4,4,5,5,3,3,3,3,4,3,3,3,4,4,3,2,3,2,4,4,2,3,4,3,4,3,4,2,3,2,3,2,3,3,3,2,3,3,3,4,4,3,3,3,3,3,3,3,3,3,3,4,4,4,4,4,4,3,3,3,3,3,3,results_16.csv,5a381de00006450001bf2691,1.75,2.5,4.0,1.75,2.5
4,4,4,4,4,4,4,5,3,4,4,4,4,4,2,4,4,4,4,4,4,4,4,4,2,2,2,3,2,2,4,4,4,4,3,4,4,4,3,4,4,4,2,4,3,4,3,3,4,4,4,4,4,4,4,4,3,4,4,4,3,3,3,3,3,3,3,4,3,3,3,3,3,3,3,3,3,3,4,4,4,4,4,4,3,3,3,3,3,2,results_16.csv,5ec70d2d62e69c157fde4884,2.5,4.25,4.25,2.0,4.75
4,4,3,4,4,4,4,4,4,4,4,4,2,3,3,3,3,2,4,4,3,4,4,4,4,4,3,4,4,4,4,4,4,4,4,4,4,4,4,4,4,4,3,3,2,3,2,3,4,4,4,4,4,4,3,3,2,3,3,3,4,4,4,4,4,4,4,4,4,4,4,4,3,3,3,4,3,3,4,4,4,4,4,4,4,4,3,4,3,3,results_16.csv,5eebb37e6c09cc12563f390b,3.5,4.0,5.0,2.0,3.75
4,4,3,4,4,4,4,4,4,4,4,4,3,3,3,3,3,3,4,4,4,4,4,4,4,4,3,4,3,3,4,4,4,4,4,4,4,4,3,4,4,4,3,3,3,3,3,3,4,4,4,4,4,4,2,4,3,3,3,3,4,4,4,4,4,4,4,4,4,4,4,4,3,3,3,3,3,3,4,4,4,4,4,4,3,4,3,4,3,4,results_16.csv,5fa0d1a1e40401160ec4a011,1.5,4.0,4.5,2.5,3.75
4,4,3,4,4,4,4,4,3,4,4,4,4,3,2,3,3,3,4,4,4,4,4,4,4,4,3,4,4,4,4,4,4,4,4,4,4,4,3,4,4,4,3,4,3,3,3,4,4,4,4,4,4,4,3,3,3,4,3,3,4,4,4,4,4,4,4,4,4,4,4,4,4,4,3,4,4,4,4,4,3,4,4,4,4,4,3,4,4,4,results_16.csv,63f779f8e3d660cb75774fe8,3.75,4.0,4.25,2.0,4.0
4,4,3,4,4,4,4,4,4,4,4,4,4,4,3,4,3,4,4,4,3,4,4,4,4,4,3,4,4,4,4,3,4,4,4,3,4,4,3,4,3,4,2,3,2,2,3,4,4,4,4,4,4,4,2,2,3,3,2,3,3,3,2,3,3,3,4,4,3,3,3,3,3,3,3,3,3,3,4,4,4,4,4,4,3,3,3,3,3,3,results_16.csv,655b6a0d11066d07716ab0b5,2.5,3.0,4.5,4.25,4.25
2,3,2,3,3,3,4,4,3,4,3,3,2,2,1,3,2,2,4,4,4,4,4,3,2,2,2,3,2,2,3,4,4,4,4,4,4,4,3,4,4,4,4,4,2,3,2,2,4,4,4,4,3,3,3,4,3,3,4,4,3,3,2,4,3,3,3,3,3,4,3,3,2,3,3,3,2,3,4,4,3,4,4,3,3,3,3,3,3,3,results_16.csv,662fbb4163d7a1695a748636,1.5,4.0,3.25,4.0,5.0
3,3,2,2,3,3,4,4,2,4,3,3,3,3,2,2,2,2,4,4,3,4,4,4,3,4,2,3,2,2,5,4,4,5,3,3,4,4,3,4,3,4,2,3,2,2,3,3,4,4,3,4,3,4,3,2,1,2,4,1,3,3,3,3,3,3,4,4,3,3,3,4,2,3,3,3,3,3,4,4,4,4,4,4,3,3,3,3,3,3,results_16.csv,6668b9b8271fbf68bb7da3d5,1.0,3.5,4.5,4.25,5.0
4,4,4,4,4,4,4,4,3,4,4,4,4,4,3,4,3,4,4,4,4,4,4,5,4,4,3,4,4,4,4,4,4,5,4,4,3,4,3,3,4,3,3,3,3,3,4,4,4,4,3,3,3,4,2,3,2,2,2,3,3,3,3,3,3,3,4,4,3,4,3,3,2,3,3,3,3,3,4,4,4,4,4,3,3,3,3,3,3,3,results_16.csv,6673c06ef972fa4885e8ec49,2.25,4.5,4.25,4.25,4.25
4,4,2,4,4,3,4,4,3,4,4,4,3,3,2,4,4,4,4,4,3,4,4,4,3,4,2,4,4,3,4,5,4,5,3,5,4,4,3,4,3,3,2,4,2,3,3,2,4,4,3,4,4,4,2,3,2,2,2,4,3,3,3,3,3,3,4,4,3,3,3,3,3,3,3,3,3,3,4,4,4,4,4,4,3,3,3,3,3,3,results_16.csv,667c73ba70ed69bf1a17c1ce,2.0,3.0,2.5,4.0,4.0
3,3,2,3,3,2,4,3,3,4,4,2,2,2,2,2,2,2,4,4,2,4,3,4,2,3,2,3,2,2,3,4,4,4,3,4,4,4,3,4,4,4,3,3,2,4,4,3,3,4,3,4,3,4,2,3,2,3,3,2,3,3,3,3,3,3,4,4,3,3,3,3,3,3,3,3,3,3,4,4,4,4,4,4,3,3,3,3,3,3,results_16.csv,66a529d528f1beaaf60ec987,2.0,4.5,3.5,3.75,3.5
4,4,3,4,4,4,4,4,4,4,4,4,2,4,2,4,3,3,4,4,4,4,4,4,4,4,3,4,4,4,4,4,3,4,4,4,4,4,4,4,4,4,2,3,3,3,3,3,4,4,3,4,4,4,2,3,2,3,2,3,4,4,4,4,4,4,4,4,3,4,4,4,3,3,3,3,3,3,4,4,4,4,4,4,4,4,3,4,4,4,results_16.csv,66d36598db306c67c37bde18,2.25,3.25,4.75,1.0,4.25
3,4,3,3,3,3,4,4,4,4,3,4,3,4,3,3,3,3,4,4,3,4,4,3,3,3,3,3,3,3,3,3,3,4,3,3,4,4,3,4,3,4,3,3,3,3,3,3,4,4,3,4,4,4,3,3,2,3,3,3,3,4,3,4,3,3,4,4,3,4,3,4,3,3,3,3,3,3,4,4,3,4,4,4,3,3,3,3,3,3,results_16.csv,66dc20c2945d2b1ea203f695,3.5,3.0,2.75,2.5,3.25
3,3,2,3,3,2,5,4,2,4,4,4,2,3,2,2,2,2,4,4,3,4,4,4,2,3,2,3,2,3,3,3,3,3,3,3,4,4,4,4,4,4,3,3,3,2,3,2,4,4,3,4,4,4,2,2,2,2,3,2,3,3,3,4,3,3,4,4,3,4,4,4,3,3,2,3,2,3,4,4,3,4,3,4,3,3,3,3,3,3,results_16.csv,66e32aaad05615cfd9fcbe48,2.0,2.0,5.0,1.5,3.5
4,4,3,4,3,4,3,4,3,4,3,3,3,2,2,2,2,2,4,4,4,4,4,4,3,4,2,3,2,2,4,4,4,4,4,4,4,3,3,4,4,4,3,3,3,3,3,3,4,4,4,4,4,5,2,3,3,4,4,4,3,3,3,4,3,3,4,4,3,3,3,3,3,3,3,3,3,3,4,4,3,4,4,4,3,3,3,3,3,3,results_16.csv,66e9977b1c4319605e488650,3.25,4.0,3.25,4.25,3.5
4,4,4,4,4,4,4,4,4,4,4,4,2,3,3,3,3,3,4,4,4,4,4,4,3,4,2,4,4,3,4,4,4,4,4,4,4,4,4,4,4,4,3,3,3,3,3,3,4,4,4,4,4,4,4,3,3,4,3,3,4,4,4,4,4,4,4,4,4,4,4,4,4,4,4,4,3,3,4,4,4,4,4,4,4,4,3,4,4,4,results_16.csv,66fb00df4bb1b62dd2d00b15,1.0,4.0,4.5,4.25,4.25
4,4,4,4,4,3,4,4,4,4,4,4,4,5,3,4,4,4,4,4,2,4,4,4,4,4,4,4,4,4,4,4,2,4,4,3,4,4,3,4,4,4,4,4,3,3,3,2,4,4,3,4,4,3,3,4,3,3,3,2,3,3,3,4,3,3,4,4,3,4,3,3,3,3,3,3,3,3,4,4,4,4,4,4,3,3,3,3,3,3,results_16.csv,67028e3c5308fc008653cf26,3.25,3.5,5.0,2.75,3.75
3,4,2,4,3,2,3,4,2,4,4,3,3,3,2,2,2,2,3,4,3,4,3,2,2,3,2,3,2,2,3,3,3,4,5,3,3,3,3,4,3,4,2,3,2,3,4,2,4,3,2,4,3,4,2,2,2,2,3,2,2,3,2,4,3,3,4,4,3,4,3,3,3,3,3,3,3,3,4,4,4,4,4,4,3,3,3,3,3,3,results_16.csv,67180b6b3d11d7eef34ca388,2.5,2.25,2.5,3.25,2.5
4,4,3,4,4,4,4,4,3,4,4,4,3,3,3,3,3,3,4,4,3,4,4,4,4,4,3,4,3,3,4,4,4,4,4,4,4,4,4,4,4,4,3,4,3,3,3,3,4,4,3,4,4,4,3,3,3,3,3,3,4,4,4,4,4,4,4,4,4,4,4,4,4,3,3,4,3,3,4,4,4,4,4,4,4,4,3,4,3,3,results_16.csv,671b277a6d04904df5f9503b,4.25,3.5,4.25,2.5,3.5
4,4,3,4,4,4,4,5,4,4,5,5,2,5,4,5,5,3,5,4,5,3,5,5,2,4,4,5,3,4,5,4,5,4,3,4,5,4,4,5,4,4,4,4,4,3,4,3,4,4,4,4,4,4,4,4,1,5,3,1,4,3,4,4,4,4,4,5,4,4,4,4,4,3,4,4,3,3,4,4,4,4,4,4,4,4,4,4,3,4,results_12.csv,5c830a66d6a4d0000164097d,5.0,5.0,5.0,1.0,5.0
4,4,3,4,4,4,4,5,4,4,4,4,3,3,2,3,2,3,4,4,4,4,4,4,4,4,2,4,4,3,4,4,4,4,4,4,4,4,4,4,4,4,3,3,2,3,2,3,4,4,4,4,4,4,2,3,2,3,4,3,4,4,4,4,4,4,4,4,4,4,4,4,4,3,3,4,4,3,4,4,4,4,4,4,3,4,3,4,4,4,results_12.csv,5dcf6d762e4a050ac2cba07d,3.5,2.25,5.0,1.0,4.75
4,4,2,4,4,3,4,3,2,5,4,4,3,4,2,3,3,3,4,4,2,4,3,4,3,3,2,3,3,3,4,3,4,4,4,4,4,4,4,4,3,4,3,3,3,3,3,3,4,4,4,4,4,3,3,3,3,3,3,3,4,4,4,4,4,3,4,4,3,4,4,4,4,3,3,4,3,3,4,4,4,4,4,4,4,4,3,4,4,3,results_12.csv,63d141f0a7b0e7ea9526e89d,2.75,4.5,4.0,2.0,4.0
4,3,2,3,4,4,4,4,3,4,4,4,3,3,2,4,2,3,4,4,4,4,3,4,3,4,2,4,3,3,4,5,3,4,4,4,4,4,3,4,4,4,3,4,2,3,4,3,4,4,3,4,3,4,4,3,3,4,3,4,4,4,4,4,4,4,4,4,4,4,4,4,3,3,3,4,3,4,4,4,3,4,4,4,4,4,3,4,3,4,results_12.csv,63ea974c81ff0fffe7fb8613,2.25,3.25,4.5,1.75,5.0
3,4,2,4,3,4,4,4,3,4,3,3,3,4,3,2,2,3,4,4,3,4,4,3,3,3,3,4,4,4,4,4,4,4,4,4,3,4,3,4,4,4,3,3,3,3,3,3,4,4,3,4,3,4,2,4,2,3,3,3,4,4,4,4,4,4,4,4,3,4,4,3,4,3,3,3,3,3,4,4,3,4,4,4,4,4,4,4,4,3,results_12.csv,655f97cd4f1c17ae262fd0fa,2.0,4.0,3.5,3.5,1.75
3,4,3,4,3,3,4,4,3,4,3,3,3,3,2,3,2,3,4,4,3,4,4,4,3,3,2,3,3,2,4,4,3,4,4,4,4,4,3,4,4,4,3,3,3,3,3,3,4,4,3,4,3,4,2,3,2,3,3,3,4,4,4,4,4,4,4,4,3,4,4,4,4,3,3,3,4,3,4,4,3,4,4,4,3,3,3,3,3,3,results_12.csv,6567492900b32685a1ca02ae,4.0,4.5,3.5,2.0,2.5
2,3,2,3,2,3,3,4,3,3,3,3,3,3,2,3,2,3,4,4,2,3,3,3,2,3,2,3,3,3,2,2,2,3,2,2,3,3,3,3,3,3,2,2,2,3,2,3,3,4,3,3,3,4,2,3,2,2,2,2,3,3,2,3,2,2,3,4,3,3,3,3,3,2,2,3,2,2,3,3,3,3,3,3,3,3,3,3,3,3,results_12.csv,6575fb1c1a04b30cfb2832d5,1.0,2.75,2.5,3.75,3.25
4,4,3,4,4,4,4,4,4,4,4,4,4,3,3,4,4,3,4,4,3,4,4,3,4,4,3,4,4,4,4,4,4,4,3,4,4,4,4,4,4,4,3,3,3,3,3,3,4,4,4,4,4,4,3,4,3,4,3,4,4,4,4,4,4,4,4,4,4,4,4,4,4,3,4,4,3,4,4,4,4,4,4,4,4,4,4,4,4,4,results_12.csv,6616d9fdba3ae8945cba4a08,3.5,4.0,2.5,2.25,4.75
4,4,3,4,4,3,4,4,3,5,3,4,3,2,2,2,3,4,4,4,3,4,4,4,4,4,4,4,4,4,4,4,4,4,4,4,4,4,4,4,4,3,5,3,2,3,3,3,4,4,3,4,4,4,3,3,3,3,2,3,4,4,4,4,4,4,4,4,4,4,4,4,3,4,3,3,3,3,4,4,3,4,4,4,4,4,3,4,4,3,results_12.csv,6624638357b56eb340c8f109,2.5,4.25,4.5,3.25,5.0
3,4,3,4,4,4,4,4,4,4,4,3,3,4,3,3,3,3,4,4,3,4,4,3,3,4,3,4,3,3,4,4,4,4,4,4,4,4,3,4,4,4,3,4,3,3,3,3,4,4,3,4,4,4,3,3,3,3,3,3,4,4,4,4,4,4,4,4,3,4,4,4,3,4,3,3,3,3,4,4,4,4,4,4,3,4,3,4,3,3,results_12.csv,664f9fe745392e574c5c57c3,2.75,3.5,3.75,2.5,3.5
4,4,4,4,4,4,4,4,4,4,4,4,3,3,3,3,4,4,4,4,3,4,4,4,4,4,2,4,4,4,4,4,4,4,4,4,4,4,4,4,4,4,3,3,3,3,3,3,4,4,4,4,4,4,4,4,3,3,4,3,4,4,4,4,4,4,4,4,4,4,4,4,4,4,3,4,3,4,4,4,4,4,4,4,4,4,4,4,4,4,results_12.csv,665911664c1d2a4e2d02f666,2.0,4.25,4.5,2.25,4.75
4,4,3,4,4,4,4,4,3,4,4,4,3,3,2,3,2,3,4,4,4,4,4,4,4,3,3,3,3,3,4,4,4,4,4,4,4,4,3,4,4,4,3,3,2,3,3,3,4,4,4,4,4,4,2,2,2,3,3,3,4,4,4,4,4,4,4,4,4,4,4,4,3,3,3,3,3,3,4,4,4,4,4,4,3,4,3,4,3,3,results_12.csv,6690464404e2d3a5271a608d,2.5,4.5,4.0,4.75,3.25
4,4,3,4,4,4,4,4,4,4,4,4,3,4,3,3,3,3,4,4,3,4,4,4,4,4,3,4,4,4,3,4,3,4,4,4,4,4,4,4,4,4,3,3,3,3,3,3,4,4,4,4,4,4,3,3,2,4,3,3,3,4,3,4,4,4,4,4,3,4,4,4,3,3,3,3,3,3,4,4,4,4,4,4,4,4,3,4,4,4,results_12.csv,66d75a4947ce7454734618f4,2.0,3.25,4.0,2.0,4.5
4,4,3,4,4,4,4,4,3,4,4,3,2,3,2,3,3,4,4,4,3,4,4,3,3,4,2,4,3,3,4,4,4,4,4,4,4,4,4,4,4,4,2,4,3,3,3,2,4,4,4,4,4,4,3,3,3,3,3,3,4,4,4,4,3,4,4,4,4,4,4,4,3,4,3,4,4,3,4,4,4,4,4,4,4,4,3,4,4,4,results_12.csv,66db57436e245785bb79ad61,4.25,4.0,5.0,3.0,3.5
3,3,3,3,3,4,4,4,3,4,4,4,3,4,2,3,3,3,4,4,3,4,4,4,3,3,2,3,3,3,3,4,3,3,3,4,4,4,3,4,4,3,3,3,3,3,3,3,4,4,3,4,3,4,3,3,3,3,2,3,3,4,3,3,4,3,4,4,3,4,3,3,3,3,3,4,3,3,4,4,4,4,3,3,5,4,3,4,3,3,results_12.csv,66fb12ba2bfd1e0379ced77c,3.5,3.0,3.25,3.0,3.0
4,4,3,4,4,4,4,4,4,4,4,3,3,4,2,3,3,4,4,4,3,4,4,4,3,3,3,4,3,3,4,4,4,4,4,4,4,4,3,4,4,3,3,4,3,3,3,3,4,4,3,4,4,4,3,3,3,3,3,4,4,4,4,4,4,4,4,4,4,4,4,4,3,4,3,4,3,3,4,4,4,4,4,4,3,4,3,4,4,4,results_12.csv,671165ce01cd9c2699b90dc1,3.5,3.25,4.75,2.25,3.5
4,5,4,5,4,5,4,4,4,5,4,4,4,4,4,5,5,5,4,4,4,5,4,4,5,4,3,3,3,4,5,5,5,5,5,5,4,4,3,4,4,4,4,4,4,4,4,4,4,5,4,4,4,4,4,4,4,4,4,4,5,5,4,5,5,5,4,4,4,4,4,4,5,4,4,4,4,4,4,4,4,4,4,4,4,5,4,4,4,4,results_12.csv,672063b162fce3eaf6fce015,4.75,5.0,3.0,4.25,5.0
4,4,3,4,4,4,4,4,3,4,4,4,3,5,2,4,4,4,4,4,3,4,4,4,5,4,3,4,4,4,4,4,4,4,4,4,4,4,3,4,4,4,3,4,2,3,3,3,4,4,3,4,4,4,3,4,3,4,4,4,4,3,4,4,4,4,4,4,3,4,4,4,4,3,3,3,3,4,4,4,3,4,4,4,4,4,3,4,4,4,results_12.csv,6720dcca3b5db6b0222e8ca2,1.25,3.25,1.75,3.25,4.75
3,4,3,3,3,3,4,4,3,4,3,3,2,3,2,2,3,3,4,4,3,4,3,3,2,3,2,2,3,2,3,4,4,3,3,4,4,3,3,4,3,4,3,3,2,3,3,3,3,3,3,4,3,3,3,2,2,4,2,3,4,3,4,3,3,3,3,4,3,4,3,3,3,3,3,4,3,3,4,4,3,4,3,3,3,3,3,4,3,4,results_12.csv,672106975d7804ed478646dd,1.75,3.75,3.5,1.75,2.5
4,4,3,4,4,4,4,4,3,4,4,4,3,4,2,3,3,3,4,4,4,4,4,4,4,4,4,4,3,4,4,4,4,4,4,4,4,4,4,4,4,4,4,4,3,4,3,4,4,4,3,4,4,4,3,4,3,3,4,4,4,4,3,4,4,4,4,4,4,4,4,4,3,4,3,3,3,3,4,4,4,4,4,4,4,4,3,4,4,4,results_13.csv,5a9998a14eecca0001dd791e,4.25,3.25,4.75,2.0,3.75
4,4,4,4,4,4,4,5,4,5,4,4,4,4,4,4,4,4,5,5,3,4,4,4,4,4,4,4,4,4,4,4,4,4,4,4,3,4,4,4,4,4,4,4,4,4,4,4,4,3,4,4,4,4,3,4,3,4,3,4,4,4,4,4,4,4,4,4,4,4,4,4,4,4,4,5,4,4,4,5,4,5,4,4,4,4,4,4,4,4,results_13.csv,5d5618b69cd0f20015e1ab0d,1.0,3.25,3.0,2.5,4.0
4,4,2,5,4,4,4,4,3,4,4,4,3,3,2,3,3,3,4,5,3,4,4,4,5,4,4,4,4,4,4,4,4,5,5,4,3,4,4,4,4,4,4,3,2,4,3,4,3,4,3,4,4,4,3,3,2,4,3,3,4,5,5,4,4,4,4,4,4,4,4,4,3,3,3,3,3,3,3,4,4,3,4,4,4,4,3,4,4,4,results_13.csv,5f6fd1451758e95a989623b2,1.0,3.5,2.25,1.0,4.5
4,4,3,4,4,4,4,4,4,4,4,4,4,4,3,4,4,4,4,4,4,4,4,4,4,4,2,4,4,4,4,4,4,5,4,4,4,4,4,4,4,4,4,4,3,4,4,4,4,4,4,4,4,4,4,4,3,4,4,4,4,4,4,4,4,4,4,4,4,4,4,4,4,4,4,4,4,4,4,4,4,4,4,4,4,4,4,4,4,4,results_13.csv,60a48adfe091e410f4eaba34,4.5,5.0,4.5,1.0,4.5
4,4,4,4,4,4,5,5,4,4,4,4,4,4,4,4,4,4,4,5,4,5,4,4,4,4,4,4,4,4,4,4,4,5,4,4,4,4,4,4,5,4,4,4,4,4,4,4,4,5,4,4,4,4,3,4,3,4,3,4,2,4,4,4,5,4,5,4,4,4,4,5,4,4,4,4,4,4,4,5,4,4,4,4,4,4,4,5,4,4,results_13.csv,62fbdda6e4b5a034b71296f8,4.75,5.0,5.0,1.0,5.0
4,4,4,4,4,4,5,5,4,4,4,4,4,4,4,4,4,4,4,5,4,4,4,4,4,4,4,4,4,4,4,4,4,4,4,4,4,4,3,4,4,4,4,4,3,4,4,4,4,4,4,4,4,4,4,4,3,4,4,4,3,4,4,4,4,4,4,4,4,4,5,4,5,4,4,4,4,4,4,5,4,4,4,4,4,4,4,5,5,4,results_13.csv,6331b9456956d880a1e4632f,4.25,4.5,4.5,2.0,4.25
4,4,3,3,3,4,4,4,3,4,4,4,3,3,2,3,3,3,4,4,2,4,4,4,4,4,3,4,4,4,4,4,3,4,4,3,4,4,3,4,4,4,2,4,2,3,4,3,3,4,3,4,4,4,2,4,2,3,4,3,4,4,3,4,4,4,4,4,4,4,4,4,3,3,2,4,3,3,4,4,4,4,4,4,4,4,3,4,4,4,results_13.csv,650b03136ab3d4c832d98b71,1.0,2.25,4.75,1.75,4.75
4,5,4,4,4,4,4,5,4,5,5,4,4,5,3,4,4,4,5,5,4,5,4,4,4,4,3,4,4,4,5,5,5,5,5,5,4,4,4,4,4,4,3,4,3,4,4,4,4,4,4,4,5,4,4,4,3,4,4,3,5,5,4,5,5,5,4,4,4,4,4,4,4,4,4,4,4,4,5,4,4,4,4,4,4,4,4,4,4,4,results_13.csv,6595be83dbc6d36b1ef53d28,5.0,4.75,4.25,3.5,5.0
4,4,4,4,4,4,4,4,3,3,4,4,4,3,3,4,3,3,5,4,4,4,4,4,4,4,4,4,4,4,4,4,4,5,4,4,4,4,4,4,4,4,4,4,3,4,4,4,4,4,4,4,4,3,2,4,3,4,4,4,4,4,3,4,4,4,4,4,3,4,4,4,4,4,3,4,3,4,4,4,3,4,4,4,4,4,4,4,4,4,results_13.csv,65f366dfcb46b71238e9418d,1.25,2.25,3.75,1.25,5.0
4,4,4,5,4,4,5,5,4,4,4,4,4,4,4,4,4,4,4,5,3,4,4,4,4,4,4,4,4,4,4,4,4,5,4,3,4,4,4,4,4,4,4,4,3,4,4,4,4,4,4,4,4,4,4,4,3,4,3,3,4,4,4,4,4,4,4,4,4,4,4,4,4,4,4,4,4,4,4,4,4,4,4,4,4,4,4,4,4,4,results_13.csv,65f8caa8238a933fdf42f4c3,4.25,4.25,2.0,2.25,5.0
4,4,3,4,4,4,4,4,4,4,4,4,3,4,3,4,3,3,4,4,3,4,4,4,3,4,3,4,4,4,4,4,4,4,4,4,4,4,4,4,4,4,3,4,3,4,4,4,4,4,4,4,4,4,3,3,3,3,3,3,4,4,4,4,4,4,4,4,4,4,4,4,4,3,3,4,4,3,4,4,4,4,4,4,4,4,3,4,4,4,results_13.csv,6615a12e1e26787cd3c070ed,3.5,3.5,4.25,3.75,4.0
4,4,4,4,4,4,4,5,4,4,4,4,4,4,4,4,4,4,5,5,4,4,4,4,4,4,3,4,4,4,4,5,4,4,4,4,4,4,4,4,4,4,3,4,3,4,3,4,3,4,4,4,4,4,4,4,3,5,4,4,4,4,4,4,4,5,5,4,4,4,4,4,4,4,4,4,4,4,4,4,4,5,4,5,4,4,5,5,4,4,results_13.csv,664644138e5743a320b474c9,3.5,5.0,2.5,4.5,4.25
4,4,4,4,4,4,5,5,4,4,4,4,4,4,4,4,4,4,5,4,4,4,3,4,4,4,3,4,4,4,4,5,4,4,4,4,4,4,4,4,4,4,4,4,3,4,4,4,4,4,4,4,4,4,4,4,3,4,3,4,4,4,4,4,4,4,5,4,4,4,4,4,4,4,5,4,4,5,4,5,4,4,4,5,4,4,4,5,4,5,results_13.csv,6658d3384552a75abbc15f10,4.0,4.75,4.75,2.5,4.5
3,3,2,3,3,3,4,5,4,5,3,3,2,3,2,2,2,2,4,4,3,4,3,3,4,4,4,4,4,4,3,3,3,3,3,3,4,4,3,4,4,3,2,3,2,3,2,3,3,4,3,3,3,3,2,2,2,2,2,3,3,3,3,3,3,3,4,4,3,4,3,3,2,3,3,3,3,3,4,4,3,4,4,4,3,3,3,3,3,3,results_13.csv,667a2a09c4912ebdc9078387,1.0,3.5,4.25,1.75,3.5
4,4,4,4,4,4,4,5,4,4,4,4,4,4,4,4,4,4,4,4,4,4,4,4,4,4,4,4,4,4,4,4,4,4,4,4,4,4,4,4,4,4,3,4,3,4,4,4,4,4,4,4,4,4,2,3,3,3,4,3,4,4,4,4,4,4,4,4,4,4,4,4,4,4,3,4,3,3,4,4,4,4,4,4,4,4,3,4,4,4,results_13.csv,66abec2fd3d6ab33fb42bd60,2.25,4.25,4.5,1.0,4.0
3,4,2,4,3,3,3,4,2,3,3,3,2,2,2,2,2,2,3,4,2,3,3,3,3,3,2,3,3,3,4,4,4,4,4,4,4,4,3,4,4,4,3,3,2,2,2,3,3,4,3,3,3,3,2,3,3,2,3,3,4,4,3,4,4,4,4,4,4,4,4,4,3,4,3,3,3,3,4,4,3,4,4,4,3,3,3,4,4,3,results_13.csv,6703e010bd646f92d2c522c8,3.0,4.0,3.0,3.0,4.0
3,3,2,3,3,3,3,4,2,3,3,3,2,3,2,3,2,3,3,4,2,3,3,3,3,3,2,3,3,3,3,3,3,3,3,3,3,4,3,4,3,3,3,3,3,3,3,3,3,4,3,3,3,3,3,3,3,3,3,3,3,3,3,3,3,3,3,3,3,3,3,3,3,3,3,3,3,3,4,4,3,4,3,3,3,3,3,3,3,3,results_13.csv,670f9fd0a399d73d5af41902,3.25,3.25,2.5,3.25,3.0
4,4,4,4,4,4,5,5,4,5,4,4,4,4,4,4,4,4,5,5,4,4,4,4,4,4,4,4,4,4,5,5,4,4,4,4,4,4,4,4,4,3,4,4,3,4,3,3,4,4,3,4,4,4,3,4,3,4,4,4,3,4,4,4,4,4,4,4,4,4,4,4,4,4,4,5,4,4,4,5,5,4,4,4,4,4,4,5,5,5,results_13.csv,671498899f67df85f33ea053,3.5,4.0,1.75,4.25,4.75
4,4,3,4,4,4,4,4,3,4,4,4,3,2,3,3,5,4,4,4,3,4,3,4,4,4,4,5,4,4,4,5,4,4,4,4,4,3,3,4,4,4,4,3,3,4,3,3,4,4,4,4,4,4,3,3,3,4,3,4,4,4,4,4,5,4,4,4,4,4,4,4,3,3,3,3,3,3,4,4,4,4,4,4,4,4,3,4,4,4,results_13.csv,672d7efea81892409cff5c84,1.75,4.25,2.5,4.75,4.0
4,4,2,3,2,3,4,4,3,4,4,4,2,2,2,2,2,2,4,4,2,4,4,4,4,4,2,4,4,4,4,4,4,4,4,4,4,4,3,4,4,4,2,3,2,3,2,2,4,4,2,4,4,4,3,2,2,3,2,3,4,4,4,4,4,4,4,4,4,4,4,4,3,3,3,3,3,3,4,4,4,4,4,4,3,3,3,4,3,3,results_11.csv,5d67476c0ca617001699fe7a,1.0,3.25,4.75,4.0,3.5
4,4,4,4,4,4,4,5,4,5,4,4,4,4,4,4,4,4,4,5,4,4,4,4,4,4,4,5,4,4,5,5,5,4,5,5,4,4,4,4,4,4,4,4,3,4,4,4,4,4,4,4,4,4,4,4,3,4,4,4,4,4,4,5,4,4,4,4,4,4,4,4,4,3,3,4,4,4,4,4,4,4,4,4,4,4,4,4,4,4,results_11.csv,5eed3df84fcaa015f3e06637,3.25,3.5,3.75,1.5,5.0
4,5,4,5,3,3,4,4,4,4,3,3,3,3,3,3,3,4,3,4,3,4,4,4,3,3,2,3,4,2,3,5,5,5,4,5,4,4,3,4,4,4,4,4,3,4,3,3,4,4,4,4,4,4,3,3,3,4,3,3,4,4,3,3,4,4,3,4,3,4,3,3,3,3,3,3,3,3,4,4,3,4,3,3,3,3,3,3,3,3,results_11.csv,5f62c1eea3901f34d53e1c18,3.0,3.5,3.25,2.5,2.75
4,4,4,4,4,4,4,4,3,4,4,4,2,3,2,3,3,3,4,5,3,4,3,4,3,4,2,4,3,4,3,4,3,4,3,4,3,4,3,3,3,4,3,3,3,3,3,4,4,4,4,4,3,3,2,3,3,3,3,3,4,4,3,4,3,4,4,4,3,4,4,3,3,3,3,3,3,3,4,4,3,3,4,3,3,3,3,3,3,3,results_11.csv,600f9342e7bc5518fa9ca92a,2.5,2.75,3.5,3.0,2.25
3,4,2,4,2,2,4,4,4,4,4,4,2,3,2,2,2,2,4,4,2,4,4,4,2,2,2,2,2,2,3,3,3,3,2,2,4,4,4,4,4,4,2,2,2,2,2,2,4,4,4,4,3,3,1,3,2,2,2,2,3,3,3,3,2,3,4,4,3,4,3,4,3,3,2,3,2,2,4,4,3,4,4,4,2,3,3,3,3,2,results_11.csv,610c56ddc029efbacb229c71,3.25,3.5,4.75,2.5,1.75
4,4,4,5,4,4,3,4,4,4,4,4,3,4,2,4,4,4,4,4,3,4,4,4,4,4,3,4,4,4,5,5,5,5,5,5,4,4,4,4,4,4,4,4,3,4,4,4,4,4,4,4,4,4,2,4,3,4,4,4,5,5,5,5,5,5,4,4,4,4,4,4,4,4,3,4,4,4,4,4,4,4,4,4,4,4,4,4,4,4,results_11.csv,612d5aec388ae7382c6d9d59,2.25,5.0,4.0,3.0,5.0
4,4,3,4,4,4,4,4,3,4,4,4,2,3,2,3,3,4,4,4,3,4,4,4,3,4,3,4,3,4,4,5,4,5,4,5,4,4,4,3,4,4,4,4,3,4,4,4,4,4,3,4,4,4,3,4,3,4,4,4,4,4,3,4,4,4,4,4,3,4,4,4,3,3,3,3,3,3,4,4,3,4,3,4,3,3,3,3,3,3,results_11.csv,63ffcb367b500c516d0648a2,3.25,4.5,4.75,1.0,5.0
4,4,3,4,4,4,4,4,3,4,4,4,2,3,2,3,3,3,3,4,3,4,4,5,4,4,2,4,3,4,4,5,4,4,5,4,4,4,4,4,4,4,4,3,3,4,4,4,4,4,4,4,4,4,3,3,3,3,3,3,4,4,3,4,4,4,4,4,3,4,4,4,3,3,3,3,3,3,4,4,3,3,4,3,3,3,3,3,3,4,results_11.csv,66060f19dda14ccd05dfcef9,3.75,4.0,2.75,4.25,4.25
4,4,3,4,4,4,4,4,3,4,4,4,3,3,3,3,3,4,4,4,3,4,4,4,4,4,2,4,4,4,5,4,4,4,4,4,3,4,4,4,4,4,3,3,3,3,4,4,4,4,4,4,4,3,4,3,3,4,3,3,4,4,3,4,3,4,4,4,3,4,4,4,3,3,3,3,3,3,4,4,3,4,4,4,3,3,3,3,3,3,results_11.csv,6630e8443eeb2f75bb090c67,1.5,4.0,3.5,2.75,4.5
4,4,4,5,4,4,4,4,3,3,4,4,4,4,3,4,4,4,4,4,4,4,4,4,5,4,4,4,3,4,5,4,4,5,4,4,4,4,4,4,4,4,4,4,3,3,4,4,4,5,4,4,4,4,3,4,3,3,4,3,4,4,3,4,4,4,4,4,4,4,4,4,4,4,3,3,4,4,4,4,3,4,4,3,4,4,3,4,4,4,results_11.csv,668564a45368836193b94269,3.5,4.75,5.0,1.75,4.25
4,4,3,4,3,4,5,5,4,5,4,4,3,4,3,4,4,4,4,4,4,4,4,4,4,4,3,4,4,3,4,4,4,4,4,4,4,4,4,5,4,4,4,4,3,3,3,3,4,4,4,4,4,4,2,3,2,4,3,3,4,4,3,4,4,4,4,4,4,4,4,4,3,3,2,4,3,3,4,4,4,4,4,4,4,4,4,4,4,4,results_11.csv,66ab87994f0525b16b74e52b,2.0,4.25,5.0,2.0,5.0
4,4,3,4,4,4,4,4,3,4,4,4,2,3,2,3,3,3,4,4,3,4,3,4,4,4,3,4,3,4,5,5,3,5,4,3,4,4,3,4,4,3,4,2,3,4,4,3,4,4,3,4,4,4,3,4,3,4,3,3,3,4,3,4,4,3,4,4,3,4,4,4,3,3,3,3,3,3,4,4,3,4,4,4,3,4,3,3,3,3,results_11.csv,66b3d894a73f47ed6a41550a,1.0,4.5,2.5,2.5,5.0
3,4,3,4,3,3,4,5,4,5,4,4,3,3,3,3,3,2,4,4,4,4,4,4,3,3,2,4,3,3,4,4,3,4,4,3,4,4,4,4,4,4,3,3,3,2,2,2,4,4,4,4,4,4,2,3,2,2,2,2,4,4,3,4,3,3,4,4,4,4,4,4,3,3,3,3,3,3,4,4,4,4,4,4,3,3,3,3,3,3,results_11.csv,66d080f50fbdef12d38f2f2d,4.0,3.5,5.0,1.75,1.5
4,4,3,4,4,4,4,4,2,5,4,3,3,3,3,3,3,4,4,4,4,3,3,4,5,4,4,5,4,4,3,3,5,4,3,3,4,3,4,4,4,4,4,4,3,3,4,2,4,4,3,4,4,4,4,3,2,2,2,4,3,3,3,3,3,3,3,4,3,4,3,3,2,3,2,3,2,2,3,4,3,3,3,3,3,3,3,3,3,3,results_11.csv,66d9547a9df3044a616f2cfd,2.0,2.0,3.0,3.75,2.0
3,3,2,3,3,3,3,4,3,4,4,3,2,3,2,3,2,3,4,4,2,4,3,3,3,3,2,3,3,3,4,4,3,3,4,3,3,4,3,4,3,4,3,3,3,3,3,3,4,4,3,4,3,3,2,3,3,2,3,3,3,3,3,4,3,3,4,4,3,4,3,4,3,3,3,3,2,3,4,4,3,4,4,4,3,4,3,3,3,3,results_11.csv,66f3834246fbf1be6109d9b3,2.25,3.0,4.0,1.25,3.75
4,4,4,5,5,5,4,5,3,5,4,4,4,4,3,4,4,4,5,4,4,4,4,5,5,4,3,5,4,4,4,4,4,4,4,4,4,4,3,4,4,4,3,4,3,4,3,3,4,4,4,4,3,3,2,4,3,3,4,4,4,4,3,4,4,4,4,4,3,4,4,4,3,4,3,3,3,3,4,4,3,4,4,4,4,4,3,4,3,3,results_11.csv,67038e39b60a278b19d31659,3.0,3.5,3.0,3.25,3.75
4,4,3,4,4,4,4,4,3,4,4,4,2,3,2,3,3,4,4,4,3,4,4,4,3,4,3,4,3,4,3,4,3,5,2,3,3,4,4,4,3,4,4,3,3,3,3,3,4,4,4,4,3,3,4,3,3,2,3,4,4,4,3,4,4,3,4,4,4,4,4,4,3,3,3,3,3,3,4,4,3,3,4,4,3,4,3,3,3,3,results_11.csv,670a165e0ef22b0779d470dd,2.75,4.0,4.25,3.0,3.5
4,4,3,3,3,3,4,4,4,4,4,4,4,4,3,4,4,4,4,4,4,4,4,4,4,3,4,3,4,4,3,4,3,4,4,3,4,4,3,4,3,4,3,3,2,4,3,3,4,4,3,4,4,4,3,3,3,3,3,3,4,4,3,4,4,3,4,4,3,4,4,3,3,3,3,3,3,3,4,4,3,4,4,4,3,3,3,3,3,3,results_11.csv,67208d9a951b62f26d592142,3.25,3.0,3.0,3.25,3.5
4,4,4,4,4,4,4,4,3,4,4,4,3,4,3,3,4,4,4,4,3,4,3,4,3,4,2,4,4,4,4,3,4,4,4,4,4,4,3,4,4,4,4,4,3,3,3,3,4,4,4,4,4,4,3,3,3,3,3,3,3,4,3,4,4,4,4,4,3,4,4,4,3,3,3,3,3,3,4,4,3,4,4,4,3,3,3,3,3,3,results_11.csv,672b7ea77c29658c57fdce3f,2.75,3.5,3.75,3.5,3.0
5,5,5,5,5,5,5,5,4,5,5,4,5,5,4,5,5,5,5,5,5,5,5,5,5,5,4,5,5,5,5,5,5,5,5,5,5,5,4,5,4,4,5,5,4,5,4,4,5,5,4,5,5,5,4,4,4,5,4,4,5,4,5,5,5,5,4,5,4,4,4,4,4,4,4,4,4,4,4,4,4,4,4,5,4,5,4,5,5,5,results_10.csv,5c6a36214fbf270001311702,5.0,4.75,4.0,1.0,5.0
5,5,4,5,5,4,4,4,3,5,5,4,5,5,4,5,4,4,5,5,4,5,5,4,3,3,3,3,3,3,5,5,5,5,5,5,4,4,4,4,4,4,4,4,4,4,4,4,5,4,4,5,4,4,3,4,4,4,4,4,5,5,5,5,5,5,4,4,4,4,4,4,4,4,4,4,4,4,4,5,4,4,4,4,4,4,4,4,4,4,results_10.csv,5d612ae16512d700159face7,4.5,4.5,4.75,1.0,4.75
4,4,3,4,3,3,4,4,3,4,4,4,4,3,3,3,3,3,4,4,4,4,4,4,3,4,3,3,3,3,4,4,3,5,4,4,4,4,4,4,3,4,2,3,2,3,3,2,4,4,3,4,4,4,4,3,3,3,4,3,4,5,4,4,4,4,4,4,4,4,4,4,4,4,4,4,4,4,4,4,4,4,4,4,3,4,3,4,3,3,results_10.csv,5d617ba9364f9a0019f1dac3,1.0,2.25,4.5,4.0,3.5
4,5,3,5,4,5,4,4,1,4,4,4,4,2,2,3,3,4,3,4,1,4,3,4,4,4,2,4,4,4,5,4,4,5,4,5,4,4,3,4,4,4,4,4,3,4,3,4,4,3,3,4,4,4,3,4,3,4,4,4,5,5,4,4,4,5,4,3,4,4,4,4,3,3,3,4,3,4,4,4,4,4,4,4,4,5,4,4,4,4,results_10.csv,5e0e1f62814bba56ea1a86dd,1.0,3.5,3.25,1.5,5.0
4,4,3,4,4,4,4,4,3,4,4,4,4,4,2,4,3,3,4,4,3,4,4,4,4,4,3,4,4,4,4,4,4,4,4,4,4,4,3,4,4,4,3,3,3,3,3,3,4,4,3,4,4,4,3,4,3,4,4,4,4,4,4,4,4,4,4,4,4,4,4,4,3,3,3,4,4,3,4,4,4,4,4,4,4,4,4,4,4,4,results_10.csv,5f79bca83a2eb65c0983816d,2.25,3.75,3.5,1.0,4.5
4,4,4,4,4,5,4,5,4,4,4,4,4,4,4,4,4,4,4,4,4,4,4,4,4,5,4,4,4,4,4,4,4,4,4,4,4,4,4,4,4,4,4,4,4,4,4,4,4,4,4,4,4,4,4,4,3,4,4,4,4,4,4,4,4,4,4,4,4,4,4,4,4,4,4,4,4,3,4,4,4,4,4,4,4,4,3,4,4,4,results_10.csv,615efd1df11a7d21f0f12f68,4.25,3.25,3.25,2.0,4.75
3,5,4,4,3,3,5,4,3,4,4,4,4,3,4,3,3,4,4,4,3,3,3,4,4,4,4,4,5,5,4,4,4,5,4,4,4,4,3,4,4,3,4,4,3,4,4,2,4,4,3,4,4,4,4,3,3,3,3,3,4,4,4,4,4,4,4,4,4,4,4,4,3,3,3,3,2,3,4,4,3,4,4,4,3,4,3,3,4,3,results_10.csv,637ef4d4e9abb3274bc1c925,3.75,4.0,4.0,2.75,4.25
4,4,3,4,3,3,4,4,3,4,4,4,4,3,3,3,3,3,4,4,3,4,4,4,3,4,3,3,3,3,4,4,4,4,4,4,4,4,4,4,4,4,4,4,3,4,4,4,4,5,4,4,4,4,3,4,3,4,4,3,4,4,4,4,4,4,4,4,4,4,4,4,3,3,2,3,3,3,4,4,4,4,4,4,3,4,3,4,3,3,results_10.csv,6630246bff13841eca867a7b,3.75,4.5,1.25,2.0,5.0
3,3,3,4,3,3,4,4,4,4,4,4,3,3,3,3,3,3,4,4,3,4,4,4,3,3,2,3,3,3,4,4,4,4,4,4,4,4,4,4,4,4,4,3,3,3,4,3,4,4,4,4,3,4,4,4,3,4,3,4,4,4,4,4,4,4,4,4,4,4,4,4,3,3,3,3,3,3,4,4,3,4,4,4,3,3,3,3,3,3,results_10.csv,663bc61ac878484941479ffb,3.0,4.5,4.5,2.25,3.75
4,4,4,4,3,4,4,4,3,4,4,4,3,3,2,4,4,3,4,4,3,4,4,4,4,4,3,4,4,4,4,4,4,4,4,5,4,4,4,4,4,4,3,4,3,3,3,4,4,4,4,4,4,4,3,3,3,4,4,3,4,4,4,4,4,4,4,4,4,4,4,4,4,4,3,4,4,3,4,4,4,4,4,4,4,4,4,4,4,4,results_10.csv,6664f2a4df585dff20e4c1a1,1.5,4.75,2.25,3.0,4.25
4,4,4,4,4,4,4,5,4,5,4,4,4,4,3,4,4,4,4,4,4,4,4,4,4,4,3,4,4,4,4,4,4,4,4,4,4,4,4,4,4,4,4,4,4,4,3,4,4,4,4,4,4,4,3,3,3,4,3,4,4,4,4,4,4,4,4,4,3,4,4,4,4,4,3,4,4,4,4,4,4,4,4,4,4,4,4,4,4,4,results_10.csv,66892a7a5d486bf277cf9bc8,3.0,4.25,5.0,1.75,4.75
3,4,3,3,3,3,4,4,4,4,4,4,3,3,3,3,3,3,4,4,3,3,4,4,3,4,3,3,3,3,4,5,4,5,4,4,4,4,4,4,4,4,4,3,4,4,4,4,4,4,3,4,4,3,4,3,3,4,3,4,4,4,4,4,4,4,4,4,4,4,4,4,3,3,3,3,3,3,4,4,4,4,4,4,4,4,4,4,4,4,results_10.csv,66b8bd767ed6ea2c9973cb2e,4.0,4.5,2.5,2.75,5.0
3,4,3,4,3,3,4,4,3,4,4,3,3,3,3,3,3,3,4,4,3,5,5,3,3,4,3,3,3,3,4,5,4,4,4,4,4,4,4,4,4,4,4,4,4,3,4,4,4,4,4,4,4,4,3,3,3,4,4,4,4,4,4,4,4,4,4,4,4,4,4,4,3,3,3,3,3,3,4,4,4,4,4,4,3,3,3,4,3,3,results_10.csv,66bcffc3e6f77501141b3d0f,4.5,4.75,5.0,1.0,5.0
4,5,4,5,4,4,4,5,4,4,4,4,4,4,4,4,4,4,4,4,4,4,3,4,4,4,4,5,4,4,4,4,3,4,4,4,4,4,3,4,4,3,3,3,4,4,3,4,4,4,4,4,3,4,3,4,3,4,3,4,4,4,4,4,4,4,4,4,4,4,4,4,2,3,3,3,3,3,4,4,3,4,4,4,3,4,3,3,3,3,results_10.csv,66d34b99f621a0e7de30c1c4,3.25,3.25,3.5,2.75,2.75
4,4,4,4,4,4,4,4,4,4,4,4,4,4,4,5,4,4,4,4,4,5,4,4,4,4,3,5,4,4,4,4,3,4,4,3,4,4,4,4,4,4,3,4,3,3,2,2,4,4,3,4,4,4,4,3,2,4,4,4,4,4,4,4,4,4,4,4,4,4,4,4,3,3,2,3,3,3,4,4,4,4,4,4,3,3,3,3,3,3,results_10.csv,66df255fc0e34d721c9b5f1e,4.0,4.25,4.5,2.25,4.25
3,4,3,4,4,4,5,5,4,4,4,4,4,4,3,4,4,3,4,5,3,4,3,4,3,4,4,4,4,4,4,4,3,4,4,4,4,4,3,4,4,4,3,3,3,4,2,4,4,4,5,3,4,4,3,3,3,3,3,2,4,4,4,4,4,4,4,4,4,4,4,4,3,3,3,3,3,3,4,4,4,4,4,4,3,3,3,3,3,3,results_10.csv,66df94af83813d40ddcbf790,2.25,2.5,4.75,2.0,3.5
4,4,4,4,4,4,4,4,4,4,4,4,4,4,4,4,4,4,4,4,4,4,4,4,4,4,3,4,4,4,4,4,4,4,4,4,4,4,3,4,4,4,3,4,3,4,3,4,4,4,4,4,4,4,3,3,3,3,3,3,4,4,4,4,4,4,4,4,4,4,4,4,4,4,3,4,4,4,4,4,4,4,4,4,4,4,3,4,4,4,results_10.csv,66e0ff9d08256be084cd8c81,3.0,3.75,3.5,3.5,4.25
4,4,4,4,4,4,4,5,5,4,5,4,4,2,3,3,3,5,4,5,4,5,4,5,4,5,3,4,4,4,4,4,4,4,4,4,4,4,3,4,4,3,3,4,3,4,3,3,4,4,3,4,4,4,4,4,3,5,4,4,4,4,4,4,4,4,4,4,4,4,4,4,3,3,3,3,3,3,4,4,4,4,4,4,3,3,3,3,3,3,results_10.csv,671bd9d2ad6c7497469ab858,4.0,5.0,5.0,3.0,4.25
3,3,3,4,3,3,4,4,4,4,4,4,3,3,3,3,3,3,4,4,3,4,4,4,3,3,3,3,3,3,4,4,5,4,4,4,4,4,4,4,4,4,4,4,3,3,3,4,4,4,4,5,4,3,4,4,3,3,4,3,4,4,3,4,4,4,4,4,4,4,4,4,3,3,3,3,3,3,4,4,4,4,4,4,3,4,3,3,4,3,results_10.csv,671cc7572a640f4bd41d7f76,2.25,3.5,4.0,2.75,3.5
